time,open,high,low,close,tick_volume,spread,real_volume
2026-02-02 01:00:00+00:00,4773.75,4867.12,4698.82,4741.7,43996,4,0
2026-02-02 02:00:00+00:00,4742.06,4884.64,4740.27,4766.88,51795,4,0
2026-02-02 03:00:00+00:00,4766.88,4784.76,4584.54,4737.07,59417,4,0
2026-02-02 04:00:00+00:00,4737.04,4773.01,4698.55,4711.07,46219,4,0
2026-02-02 05:00:00+00:00,4710.95,4729.35,4630.89,4646.79,47922,4,0
2026-02-02 06:00:00+00:00,4646.79,4713.46,4603.84,4679.62,41869,4,0
2026-02-02 07:00:00+00:00,4679.66,4696.16,4498.25,4549.57,52046,4,0
2026-02-02 08:00:00+00:00,4549.58,4573.82,4402.14,4504.89,44287,4,0
2026-02-02 09:00:00+00:00,4504.89,4619.1,4486.04,4587.11,28516,4,0
2026-02-02 10:00:00+00:00,4587.15,4651.09,4562.03,4640.85,31217,4,0
2026-02-02 11:00:00+00:00,4640.85,4731.59,4603.48,4719.58,34785,4,0
2026-02-02 12:00:00+00:00,4719.58,4734.09,4657.46,4705.76,30120,4,0
2026-02-02 13:00:00+00:00,4705.76,4779.38,4703.66,4765.85,29030,4,0
2026-02-02 14:00:00+00:00,4765.85,4812.64,4743.14,4794.35,27899,4,0
2026-02-02 15:00:00+00:00,4794.35,4803.65,4669.45,4706.15,40455,4,0
2026-02-02 16:00:00+00:00,4706.15,4794.23,4680.11,4719.3,48189,4,0
2026-02-02 17:00:00+00:00,4719.3,4745.51,4616.96,4620.14,46339,4,0
2026-02-02 18:00:00+00:00,4620.14,4708.61,4596.2,4665.93,39208,4,0
2026-02-02 19:00:00+00:00,4665.93,4714.14,4656.63,4673.98,41787,4,0
2026-02-02 20:00:00+00:00,4673.98,4674.22,4618.36,4657.8,45172,4,0
2026-02-02 21:00:00+00:00,4657.8,4712.85,4631.38,4685.52,37866,4,0
2026-02-02 22:00:00+00:00,4685.62,4700.58,4647.68,4652.62,41606,4,0
2026-02-02 23:00:00+00:00,4652.67,4687.19,4643.83,4658.6,15989,4,0
2026-02-03 01:00:00+00:00,4658.6,4775.43,4658.6,4774.21,32949,4,0
2026-02-03 02:00:00+00:00,4774.21,4830.46,4766.19,4780.32,36764,4,0
2026-02-03 03:00:00+00:00,4780.34,4856.59,4766.57,4841.67,50430,4,0
2026-02-03 04:00:00+00:00,4841.67,4841.97,4745.49,4783.33,51441,4,0
2026-02-03 05:00:00+00:00,4783.32,4813.35,4751.99,4809.22,41224,4,0
2026-02-03 06:00:00+00:00,4809.14,4825.3,4800.8,4809.06,29507,4,0
2026-02-03 07:00:00+00:00,4809.08,4842.31,4809.08,4825.15,32069,4,0
2026-02-03 08:00:00+00:00,4825.15,4894.11,4816.72,4881.45,44555,4,0
2026-02-03 09:00:00+00:00,4881.2,4933.7,4871.95,4917.22,32995,4,0
2026-02-03 10:00:00+00:00,4917.22,4949.84,4898.38,4912.54,32513,4,0
2026-02-03 11:00:00+00:00,4912.54,4926.14,4884.63,4916.09,31134,4,0
2026-02-03 12:00:00+00:00,4916.24,4929.9,4901.76,4902.36,22384,4,0
2026-02-03 13:00:00+00:00,4902.34,4919.33,4883.8,4916.94,26890,4,0
2026-02-03 14:00:00+00:00,4916.94,4936.29,4892.4,4913.78,30270,4,0
2026-02-03 15:00:00+00:00,4913.78,4950.99,4902.64,4932.76,50149,4,0
2026-02-03 16:00:00+00:00,4932.83,4936.41,4893.75,4917.27,51394,4,0
2026-02-03 17:00:00+00:00,4917.28,4948.56,4904.84,4935.39,46230,4,0
2026-02-03 18:00:00+00:00,4935.38,4993.77,4929.99,4955.59,45899,4,0
2026-02-03 19:00:00+00:00,4955.53,4969.81,4907.45,4929.08,58317,4,0
2026-02-03 20:00:00+00:00,4929.08,4954.08,4885.35,4908.45,53169,4,0
2026-02-03 21:00:00+00:00,4908.45,4948.85,4880.86,4927.16,47687,4,0
2026-02-03 22:00:00+00:00,4927.2,4956.86,4902.65,4944.51,40430,4,0
2026-02-03 23:00:00+00:00,4944.35,4964.35,4933.52,4946.26,12502,4,0
2026-02-04 01:00:00+00:00,4946.26,4972.25,4910.22,4947.37,30414,4,0
2026-02-04 02:00:00+00:00,4947.38,5016.15,4946.15,5015.72,37570,4,0
2026-02-04 03:00:00+00:00,5015.72,5053.66,4985.41,5046.62,49305,4,0
2026-02-04 04:00:00+00:00,5046.62,5065.5,5035.52,5040.5,31944,4,0
2026-02-04 05:00:00+00:00,5040.5,5073.63,5036.3,5070.11,26546,4,0
2026-02-04 06:00:00+00:00,5070.09,5081.21,5056.34,5080.54,17031,4,0
2026-02-04 07:00:00+00:00,5080.56,5090.46,5069.32,5079.57,21908,4,0
2026-02-04 08:00:00+00:00,5079.57,5082.94,5051.1,5076.8,32834,4,0
2026-02-04 09:00:00+00:00,5076.8,5091.4,5062.24,5084.81,23871,4,0
2026-02-04 10:00:00+00:00,5084.81,5091.94,5068.85,5083.6,22842,4,0
2026-02-04 11:00:00+00:00,5083.6,5086.94,5043.17,5060.02,28168,4,0
2026-02-04 12:00:00+00:00,5060.02,5064.51,5041.77,5048.65,23366,4,0
2026-02-04 13:00:00+00:00,5048.54,5053.59,5013.69,5047.53,24175,4,0
2026-02-04 14:00:00+00:00,5047.54,5063.3,5036.52,5040.99,20283,4,0
2026-02-04 15:00:00+00:00,5040.99,5063.53,5023.33,5053.98,37353,4,0
2026-02-04 16:00:00+00:00,5054.03,5059.12,4967.25,4985.47,52669,4,0
2026-02-04 17:00:00+00:00,4985.48,5007.9,4887.71,4920.56,65218,4,0
2026-02-04 18:00:00+00:00,4920.56,4940.22,4854.54,4904.62,61601,4,0
2026-02-04 19:00:00+00:00,4904.62,4931.05,4888.25,4898.16,53842,4,0
2026-02-04 20:00:00+00:00,4898.16,4935.24,4873.01,4927.38,41123,4,0
2026-02-04 21:00:00+00:00,4927.38,4957.78,4914.58,4941.82,34470,4,0
2026-02-04 22:00:00+00:00,4941.78,4951.35,4914.27,4938.52,31273,4,0
2026-02-04 23:00:00+00:00,4938.54,4970.74,4937.55,4965.57,7158,4,0
2026-02-05 01:00:00+00:00,4965.57,5023.8,4965.57,5012.37,24044,4,0
2026-02-05 02:00:00+00:00,5012.37,5020.5,4997.13,5006.89,22590,4,0
2026-02-05 03:00:00+00:00,5006.89,5012.12,4936.1,4958.89,55656,4,0
2026-02-05 04:00:00+00:00,4958.91,4962.14,4805.1,4811.91,65784,4,0
2026-02-05 05:00:00+00:00,4812.06,4888.4,4788.86,4880.81,54212,4,0
2026-02-05 06:00:00+00:00,4880.81,4891.14,4863.53,4863.82,33639,4,0
2026-02-05 07:00:00+00:00,4864.03,4906.71,4826.44,4896.42,42597,4,0
2026-02-05 08:00:00+00:00,4896.42,4934.11,4877.91,4920.44,35332,4,0
2026-02-05 09:00:00+00:00,4920.44,4940.83,4895.99,4915.28,34075,4,0
2026-02-05 10:00:00+00:00,4915.17,4943.62,4901.24,4912.2,34380,4,0
2026-02-05 11:00:00+00:00,4912.2,4914.5,4849.47,4854.96,40448,4,0
2026-02-05 12:00:00+00:00,4854.96,4886.83,4847.78,4876.98,34933,4,0
2026-02-05 13:00:00+00:00,4876.98,4894.57,4864.5,4868.33,24657,4,0
2026-02-05 14:00:00+00:00,4868.33,4878.14,4810.78,4854.18,34602,4,0
2026-02-05 15:00:00+00:00,4854.18,4868.34,4802.07,4835.69,45508,4,0
2026-02-05 16:00:00+00:00,4835.69,4869.99,4806.04,4846.13,60616,4,0
2026-02-05 17:00:00+00:00,4846.11,4866.39,4800.53,4817.94,62791,4,0
2026-02-05 18:00:00+00:00,4817.91,4906.91,4812.48,4888.98,58506,4,0
2026-02-05 19:00:00+00:00,4888.95,4890.44,4859.22,4869.37,49123,4,0
2026-02-05 20:00:00+00:00,4869.38,4875.39,4851.27,4858.32,39022,4,0
2026-02-05 21:00:00+00:00,4858.32,4865.4,4823.66,4829.42,34533,4,0
2026-02-05 22:00:00+00:00,4829.44,4843.26,4792.88,4811.4,37935,4,0
2026-02-05 23:00:00+00:00,4811.39,4826.08,4759.71,4777.89,18817,4,0
2026-02-06 01:00:00+00:00,4777.89,4793.76,4703.16,4703.7,36224,4,0
2026-02-06 02:00:00+00:00,4703.7,4764.68,4655.27,4763.08,61731,4,0
2026-02-06 03:00:00+00:00,4763.08,4784.79,4693.7,4774.36,63919,4,0
2026-02-06 04:00:00+00:00,4774.36,4846.61,4761.02,4816.79,55381,4,0
2026-02-06 05:00:00+00:00,4816.79,4839.41,4801.2,4824.31,39066,4,0
2026-02-06 06:00:00+00:00,4824.31,4831.71,4807.36,4813.96,23057,4,0
2026-02-06 07:00:00+00:00,4813.97,4898.09,4807.81,4897.8,34826,4,0
2026-02-06 08:00:00+00:00,4897.8,4903.22,4825.67,4846.53,38034,4,0
2026-02-06 09:00:00+00:00,4846.53,4861.92,4838.28,4841.13,23534,4,0
2026-02-06 10:00:00+00:00,4841.13,4882.36,4829.63,4861.92,26577,4,0
2026-02-06 11:00:00+00:00,4861.92,4872.59,4838.7,4866.55,22845,4,0
2026-02-06 12:00:00+00:00,4866.55,4880.17,4851.76,4878.5,22707,4,0
2026-02-06 13:00:00+00:00,4878.5,4895.94,4863.91,4887.22,22348,4,0
2026-02-06 14:00:00+00:00,4887.22,4903.49,4871.88,4900.34,24468,4,0
2026-02-06 15:00:00+00:00,4900.34,4938.44,4897.21,4929.12,40733,4,0
2026-02-06 16:00:00+00:00,4929.27,4950.15,4894.62,4948.12,42580,4,0
2026-02-06 17:00:00+00:00,4948.1,4964.92,4928.67,4943.66,46685,4,0
2026-02-06 18:00:00+00:00,4943.66,4953.39,4921.89,4951.72,39535,4,0
2026-02-06 19:00:00+00:00,4951.73,4968.65,4948.21,4960.62,27104,4,0
2026-02-06 20:00:00+00:00,4960.62,4971.48,4943.94,4962.53,25780,4,0
2026-02-06 21:00:00+00:00,4962.53,4963.29,4948.83,4957.18,15518,4,0
2026-02-06 22:00:00+00:00,4957.2,4959.22,4936.61,4953.41,20831,4,0
2026-02-06 23:00:00+00:00,4953.41,4969.13,4946.42,4964.88,7949,4,0
2026-02-09 01:00:00+00:00,4986.72,5047.39,4965.15,5036.08,29734,4,0
2026-02-09 02:00:00+00:00,5036.1,5045.11,5012.1,5020.05,30206,4,0
2026-02-09 03:00:00+00:00,5020.05,5042.19,4976.1,4982.63,42049,4,0
2026-02-09 04:00:00+00:00,4982.63,5017.57,4969.11,5007.21,30977,4,0
2026-02-09 05:00:00+00:00,5007.19,5031.53,5005.72,5016.08,24136,4,0
2026-02-09 06:00:00+00:00,5016.08,5024.87,5007.56,5012.12,16385,4,0
2026-02-09 07:00:00+00:00,5012.16,5041.55,5011.39,5036.47,22809,4,0
2026-02-09 08:00:00+00:00,5036.47,5045.72,5013.96,5031.3,29458,4,0
2026-02-09 09:00:00+00:00,5031.3,5031.3,4997.68,5006.38,23903,4,0
2026-02-09 10:00:00+00:00,5006.41,5035.82,5002.81,5027.44,21370,4,0
2026-02-09 11:00:00+00:00,5027.44,5041.01,5002.91,5007.8,21324,4,0
2026-02-09 12:00:00+00:00,5007.8,5015.41,4982.31,4991.05,25886,4,0
2026-02-09 13:00:00+00:00,4991.05,5018.04,4988.76,5010.93,18152,4,0
2026-02-09 14:00:00+00:00,5010.93,5021.94,5007.38,5013.38,18695,4,0
2026-02-09 15:00:00+00:00,5013.38,5024.84,4995.11,5007.14,34154,4,0
2026-02-09 16:00:00+00:00,5007.14,5040.76,5002.34,5037.82,39005,4,0
2026-02-09 17:00:00+00:00,5037.82,5060.45,5023.64,5058.9,33093,4,0
2026-02-09 18:00:00+00:00,5058.9,5080.82,5056.79,5073.51,28656,4,0
2026-02-09 19:00:00+00:00,5073.51,5075.62,5040.86,5046.26,24047,4,0
2026-02-09 20:00:00+00:00,5046.26,5063.99,5044.28,5062.75,24255,4,0
2026-02-09 21:00:00+00:00,5062.75,5080.03,5062.44,5074.56,18296,4,0
2026-02-09 22:00:00+00:00,5074.5,5086.61,5072.25,5079.63,21752,4,0
2026-02-09 23:00:00+00:00,5079.62,5083.05,5048.24,5058.06,9924,4,0
2026-02-10 01:00:00+00:00,5058.07,5077.03,4987.68,5031.9,27496,4,0
2026-02-10 02:00:00+00:00,5031.9,5048.57,5009.08,5018.91,25572,4,0
2026-02-10 03:00:00+00:00,5018.89,5037.75,5012.49,5032.94,35286,4,0
2026-02-10 04:00:00+00:00,5032.93,5056.35,5031.58,5038.39,27141,4,0
2026-02-10 05:00:00+00:00,5038.39,5038.39,5016.5,5030.14,23425,4,0
2026-02-10 06:00:00+00:00,5030.09,5033.96,5017.82,5031.69,14943,4,0
2026-02-10 07:00:00+00:00,5031.71,5040.64,5011.42,5039.43,21825,4,0
2026-02-10 08:00:00+00:00,5039.37,5045.59,5019.05,5024.6,25382,4,0
2026-02-10 09:00:00+00:00,5024.62,5036.12,5018.62,5034.08,18902,4,0
2026-02-10 10:00:00+00:00,5034.1,5055.06,5029.07,5041.83,21891,4,0
2026-02-10 11:00:00+00:00,5041.83,5063.31,5040.72,5046.86,19989,4,0
2026-02-10 12:00:00+00:00,5046.86,5058.23,5037.03,5046.92,18974,4,0
2026-02-10 13:00:00+00:00,5046.93,5057.57,5044.55,5056.1,14165,4,0
2026-02-10 14:00:00+00:00,5056.07,5057.17,5019.68,5032.26,23602,4,0
2026-02-10 15:00:00+00:00,5032.27,5058.55,5026.77,5051.16,30446,4,0
2026-02-10 16:00:00+00:00,5051.17,5078.72,5020.68,5039.66,40833,4,0
2026-02-10 17:00:00+00:00,5039.7,5048.03,4999.02,5019.65,46812,4,0
2026-02-10 18:00:00+00:00,5019.65,5026.62,5005.73,5023.88,38890,4,0
2026-02-10 19:00:00+00:00,5023.88,5040.11,5020.78,5026.24,25741,4,0
2026-02-10 20:00:00+00:00,5026.24,5027.95,5004.6,5013.15,27960,4,0
2026-02-10 21:00:00+00:00,5013.15,5030.24,5008.9,5027.98,19740,4,0
2026-02-10 22:00:00+00:00,5027.98,5045.51,5020.35,5030.24,20457,4,0
2026-02-10 23:00:00+00:00,5030.28,5032.75,5020.26,5025.16,11240,4,0
2026-02-11 01:00:00+00:00,5025.16,5054.68,5025.14,5041.81,13229,4,0
2026-02-11 02:00:00+00:00,5041.81,5049.46,5028.35,5037.71,15994,4,0
2026-02-11 03:00:00+00:00,5037.91,5052.95,5030.6,5052.58,23204,4,0
2026-02-11 04:00:00+00:00,5052.58,5057.77,5032.57,5055.7,20073,4,0
2026-02-11 05:00:00+00:00,5055.7,5060.86,5045.11,5054.35,15157,4,0
2026-02-11 06:00:00+00:00,5054.35,5059.68,5045.77,5046.31,10030,4,0
2026-02-11 07:00:00+00:00,5046.33,5064.01,5043.54,5052.75,17602,4,0
2026-02-11 08:00:00+00:00,5052.75,5064.68,5049.55,5064.22,21766,4,0
2026-02-11 09:00:00+00:00,5064.22,5069.39,5048.97,5055.54,22402,4,0
2026-02-11 10:00:00+00:00,5055.54,5060.46,5045.91,5053.77,18053,4,0
2026-02-11 11:00:00+00:00,5053.78,5072.14,5047.27,5062.85,18876,4,0
2026-02-11 12:00:00+00:00,5062.81,5101.11,5062.59,5093.41,24659,4,0
2026-02-11 13:00:00+00:00,5093.42,5116.73,5082.5,5111.76,23985,4,0
2026-02-11 14:00:00+00:00,5111.76,5119.13,5052.13,5083.55,34717,4,0
2026-02-11 15:00:00+00:00,5083.55,5090.06,5018.88,5065.8,47471,4,0
2026-02-11 16:00:00+00:00,5065.8,5082.81,5035.91,5059.53,48501,4,0
2026-02-11 17:00:00+00:00,5059.53,5081.81,5039.24,5060.23,52307,4,0
2026-02-11 18:00:00+00:00,5060.23,5078.25,5043.08,5075.24,35046,4,0
2026-02-11 19:00:00+00:00,5075.23,5099.09,5068.78,5091.6,28995,4,0
2026-02-11 20:00:00+00:00,5091.53,5092.89,5067.17,5082.43,28456,4,0
2026-02-11 21:00:00+00:00,5082.44,5094.37,5076.42,5082.12,22717,4,0
2026-02-11 22:00:00+00:00,5082.12,5090.33,5078.34,5086.83,19372,4,0
2026-02-11 23:00:00+00:00,5086.83,5092.71,5069.72,5084.18,9815,4,0
2026-02-12 01:00:00+00:00,5084.18,5100.09,5053.38,5061.39,18586,4,0
2026-02-12 02:00:00+00:00,5061.38,5067.82,5049.98,5063.18,21759,4,0
2026-02-12 03:00:00+00:00,5063.13,5064.25,5045.07,5063.69,25451,4,0
2026-02-12 04:00:00+00:00,5063.69,5072.86,5054.97,5066.0,19719,4,0
2026-02-12 05:00:00+00:00,5066.0,5074.84,5054.85,5056.93,15676,4,0
2026-02-12 06:00:00+00:00,5056.93,5070.15,5051.09,5069.5,10735,4,0
2026-02-12 07:00:00+00:00,5069.53,5078.29,5064.53,5075.68,15474,4,0
2026-02-12 08:00:00+00:00,5075.7,5076.41,5047.22,5059.8,21598,4,0
2026-02-12 09:00:00+00:00,5059.8,5066.43,5051.86,5063.92,14961,4,0
2026-02-12 10:00:00+00:00,5063.92,5073.52,5052.43,5068.54,13708,4,0
2026-02-12 11:00:00+00:00,5068.54,5080.81,5066.22,5073.28,13035,4,0
2026-02-12 12:00:00+00:00,5073.28,5077.1,5056.17,5062.21,14204,4,0
2026-02-12 13:00:00+00:00,5062.21,5068.39,5059.53,5064.01,12677,4,0
2026-02-12 14:00:00+00:00,5064.01,5068.74,5048.7,5052.73,16553,4,0
2026-02-12 15:00:00+00:00,5052.73,5083.82,5051.48,5075.25,26666,4,0
2026-02-12 16:00:00+00:00,5075.25,5077.83,5039.42,5044.59,36914,4,0
2026-02-12 17:00:00+00:00,5044.58,5074.87,5039.87,5060.68,32368,4,0
2026-02-12 18:00:00+00:00,5060.63,5068.34,4878.71,4954.61,60232,4,0
2026-02-12 19:00:00+00:00,4954.61,4982.99,4939.63,4941.07,54493,4,0
2026-02-12 20:00:00+00:00,4941.07,4952.29,4906.53,4935.67,45851,4,0
2026-02-12 21:00:00+00:00,4935.63,4958.19,4928.82,4945.61,32007,4,0
2026-02-12 22:00:00+00:00,4945.61,4948.54,4911.29,4915.06,37137,4,0
2026-02-12 23:00:00+00:00,4914.86,4926.93,4911.9,4921.61,11574,4,0
2026-02-13 01:00:00+00:00,4921.61,4929.87,4886.65,4920.18,22529,4,0
2026-02-13 02:00:00+00:00,4920.2,4948.42,4913.81,4928.05,28384,4,0
2026-02-13 03:00:00+00:00,4928.09,4988.75,4927.26,4980.82,32632,4,0
2026-02-13 04:00:00+00:00,4980.82,4991.43,4972.21,4988.51,21822,4,0
2026-02-13 05:00:00+00:00,4988.51,4989.33,4973.82,4981.44,16729,4,0
2026-02-13 06:00:00+00:00,4981.43,4997.27,4972.92,4976.69,14519,4,0
2026-02-13 07:00:00+00:00,4976.73,4986.56,4944.91,4946.51,21161,4,0
2026-02-13 08:00:00+00:00,4946.51,4968.89,4946.18,4967.3,24086,4,0
2026-02-13 09:00:00+00:00,4967.32,4982.7,4951.26,4975.16,20972,4,0
2026-02-13 10:00:00+00:00,4975.16,4989.65,4971.55,4982.71,22638,4,0
2026-02-13 11:00:00+00:00,4982.71,4982.86,4961.44,4970.36,17654,4,0
2026-02-13 12:00:00+00:00,4970.37,4980.79,4947.18,4950.14,15586,4,0
2026-02-13 13:00:00+00:00,4950.14,4955.58,4933.76,4954.11,20857,4,0
2026-02-13 14:00:00+00:00,4953.94,4974.06,4952.33,4969.6,18657,4,0
2026-02-13 15:00:00+00:00,4969.6,4999.49,4957.65,4987.14,30676,4,0
2026-02-13 16:00:00+00:00,4987.14,5011.2,4964.32,4995.71,46651,4,0
2026-02-13 17:00:00+00:00,4995.82,5020.68,4974.09,4976.8,52671,4,0
2026-02-13 18:00:00+00:00,4976.83,5034.03,4975.5,5007.91,38582,4,0
2026-02-13 19:00:00+00:00,5007.91,5029.28,5005.99,5021.07,25632,4,0
2026-02-13 20:00:00+00:00,5021.08,5035.56,5015.44,5031.2,23414,4,0
2026-02-13 21:00:00+00:00,5031.21,5046.13,5023.48,5023.48,23734,4,0
2026-02-13 22:00:00+00:00,5023.61,5034.78,5021.51,5032.57,21548,4,0
2026-02-13 23:00:00+00:00,5032.48,5046.02,5029.53,5042.47,9830,4,0
2026-02-16 01:00:00+00:00,5034.28,5043.86,5010.22,5020.3,23795,4,0
2026-02-16 02:00:00+00:00,5020.3,5022.79,5000.21,5015.52,17039,4,0
2026-02-16 03:00:00+00:00,5015.5,5031.18,5007.05,5028.92,17338,4,0
2026-02-16 04:00:00+00:00,5028.94,5031.26,4992.29,4994.67,18722,4,0
2026-02-16 05:00:00+00:00,4994.67,5000.04,4976.58,4987.57,17779,4,0
2026-02-16 06:00:00+00:00,4987.57,4992.19,4973.16,4977.8,15067,4,0
2026-02-16 07:00:00+00:00,4977.8,4990.82,4965.56,4990.65,13903,4,0
2026-02-16 08:00:00+00:00,4990.7,5003.14,4985.13,4994.88,12258,4,0
2026-02-16 09:00:00+00:00,4994.88,5010.1,4989.02,5007.41,13540,4,0
2026-02-16 10:00:00+00:00,5007.4,5013.36,4995.83,5008.13,16465,4,0
2026-02-16 11:00:00+00:00,5008.14,5017.25,5007.96,5013.54,13369,4,0
2026-02-16 12:00:00+00:00,5013.54,5017.28,5000.33,5006.08,12694,4,0
2026-02-16 13:00:00+00:00,5006.07,5008.14,4998.96,5004.44,9891,4,0
2026-02-16 14:00:00+00:00,5004.45,5008.11,4992.95,5002.0,13285,4,0
2026-02-16 15:00:00+00:00,5002.0,5003.7,4989.63,4997.36,13611,4,0
2026-02-16 16:00:00+00:00,4997.36,4999.6,4981.62,4988.36,18333,4,0
2026-02-16 17:00:00+00:00,4988.34,4988.34,4968.92,4979.71,18573,4,0
2026-02-16 18:00:00+00:00,4979.71,4990.36,4973.14,4988.15,14895,4,0
2026-02-16 19:00:00+00:00,4988.12,4996.1,4988.07,4991.77,9162,4,0
2026-02-16 20:00:00+00:00,4991.83,4997.79,4988.64,4994.63,12032,4,0
2026-02-16 21:00:00+00:00,4994.62,4996.36,4990.56,4993.26,5805,4,0
2026-02-17 01:00:00+00:00,4995.35,5001.03,4985.23,4989.77,10817,4,0
2026-02-17 02:00:00+00:00,4989.77,4991.46,4931.95,4935.74,20817,4,0
2026-02-17 03:00:00+00:00,4935.7,4964.03,4922.95,4957.88,23531,4,0
2026-02-17 04:00:00+00:00,4957.88,4971.26,4954.61,4967.14,15013,4,0
2026-02-17 05:00:00+00:00,4967.15,4970.12,4949.99,4956.85,16414,4,0
2026-02-17 06:00:00+00:00,4956.82,4960.38,4946.77,4952.91,13456,4,0
2026-02-17 07:00:00+00:00,4952.91,4954.25,4859.08,4888.97,36646,4,0
2026-02-17 08:00:00+00:00,4888.97,4914.27,4886.76,4910.4,19382,4,0
2026-02-17 09:00:00+00:00,4910.45,4922.22,4904.12,4917.12,16773,4,0
2026-02-17 10:00:00+00:00,4917.12,4930.43,4916.42,4920.82,19129,4,0
2026-02-17 11:00:00+00:00,4920.74,4932.66,4913.41,4926.04,17904,4,0
2026-02-17 12:00:00+00:00,4926.04,4939.46,4907.7,4913.26,17719,4,0
2026-02-17 13:00:00+00:00,4913.27,4930.9,4913.24,4929.41,14601,4,0
2026-02-17 14:00:00+00:00,4929.41,4944.52,4928.31,4932.13,17501,4,0
2026-02-17 15:00:00+00:00,4932.16,4933.31,4870.19,4870.81,32304,4,0
2026-02-17 16:00:00+00:00,4870.8,4907.3,4841.48,4863.92,54627,4,0
2026-02-17 17:00:00+00:00,4863.92,4882.53,4849.17,4878.55,53753,4,0
2026-02-17 18:00:00+00:00,4878.63,4893.65,4868.5,4869.3,40392,4,0
2026-02-17 19:00:00+00:00,4869.3,4871.46,4850.16,4865.15,37743,4,0
2026-02-17 20:00:00+00:00,4865.18,4910.44,4862.61,4898.98,34545,4,0
2026-02-17 21:00:00+00:00,4898.99,4901.21,4876.67,4880.36,26862,4,0
2026-02-17 22:00:00+00:00,4880.38,4884.16,4873.29,4877.94,28406,4,0
2026-02-17 23:00:00+00:00,4877.93,4886.79,4874.98,4877.89,7071,4,0
2026-02-18 01:00:00+00:00,4877.91,4884.56,4853.99,4859.19,19238,4,0
2026-02-18 02:00:00+00:00,4859.19,4883.18,4858.36,4874.92,18605,4,0
2026-02-18 03:00:00+00:00,4874.92,4892.76,4874.63,4889.95,17228,4,0
2026-02-18 04:00:00+00:00,4889.97,4907.34,4886.49,4905.31,12606,4,0
2026-02-18 05:00:00+00:00,4905.32,4922.26,4904.32,4920.82,13345,4,0
2026-02-18 06:00:00+00:00,4920.82,4940.31,4918.3,4934.07,13269,4,0
2026-02-18 07:00:00+00:00,4934.09,4939.94,4930.03,4933.4,11354,4,0
2026-02-18 08:00:00+00:00,4933.42,4936.16,4925.09,4930.78,12042,4,0
2026-02-18 09:00:00+00:00,4930.79,4942.32,4929.12,4930.27,11264,4,0
2026-02-18 10:00:00+00:00,4930.3,4932.4,4916.66,4917.2,13414,4,0
2026-02-18 11:00:00+00:00,4917.21,4923.18,4912.94,4917.45,15524,4,0
2026-02-18 12:00:00+00:00,4917.46,4924.56,4909.29,4914.39,17942,4,0
2026-02-18 13:00:00+00:00,4914.46,4917.69,4906.4,4912.81,12140,4,0
2026-02-18 14:00:00+00:00,4912.81,4947.11,4912.05,4943.11,20416,4,0
2026-02-18 15:00:00+00:00,4943.25,4969.0,4943.14,4954.5,26595,4,0
2026-02-18 16:00:00+00:00,4954.5,4994.6,4952.3,4991.75,34687,4,0
2026-02-18 17:00:00+00:00,4991.6,5009.02,4991.53,4997.99,31985,4,0
2026-02-18 18:00:00+00:00,4998.11,5011.1,4991.45,5000.55,26552,4,0
2026-02-18 19:00:00+00:00,5000.55,5001.65,4993.45,4999.26,18768,4,0
2026-02-18 20:00:00+00:00,4999.26,5003.32,4980.63,4987.25,26430,4,0
2026-02-18 21:00:00+00:00,4987.25,4995.4,4972.97,4980.6,30449,4,0
2026-02-18 22:00:00+00:00,4980.6,4987.58,4975.48,4984.89,23501,4,0
2026-02-18 23:00:00+00:00,4984.89,4986.42,4975.25,4975.99,5899,4,0
2026-02-19 01:00:00+00:00,4975.99,4988.89,4956.26,4976.04,15826,4,0
2026-02-19 02:00:00+00:00,4976.06,4976.35,4960.53,4961.35,16370,4,0
2026-02-19 03:00:00+00:00,4961.35,4975.67,4960.64,4973.17,14866,4,0
2026-02-19 04:00:00+00:00,4973.17,4977.44,4965.96,4968.27,16024,4,0
2026-02-19 05:00:00+00:00,4968.27,4983.43,4966.41,4981.66,14218,4,0
2026-02-19 06:00:00+00:00,4981.65,4985.6,4976.97,4984.24,13323,4,0
2026-02-19 07:00:00+00:00,4984.26,4998.65,4984.22,4997.07,13410,4,0
2026-02-19 08:00:00+00:00,4997.07,5019.99,4996.72,5018.35,14138,4,0
2026-02-19 09:00:00+00:00,5018.35,5021.84,5008.93,5010.45,12856,4,0
2026-02-19 10:00:00+00:00,5010.45,5022.11,5006.3,5017.18,15445,4,0
2026-02-19 11:00:00+00:00,5017.36,5020.46,4993.35,4995.73,16161,4,0
2026-02-19 12:00:00+00:00,4995.73,4996.21,4981.66,4993.32,16670,4,0
2026-02-19 13:00:00+00:00,4993.32,4996.42,4978.02,4984.56,15593,4,0
2026-02-19 14:00:00+00:00,4984.57,4992.92,4980.55,4985.11,15438,4,0
2026-02-19 15:00:00+00:00,4985.13,4998.51,4971.82,4997.11,17412,4,0
2026-02-19 16:00:00+00:00,4997.12,5010.67,4963.77,5005.72,41009,4,0
2026-02-19 17:00:00+00:00,5005.75,5022.24,4996.27,5013.87,42961,4,0
2026-02-19 18:00:00+00:00,5013.87,5014.42,4990.58,4995.11,31895,4,0
2026-02-19 19:00:00+00:00,4995.11,5001.76,4982.8,4984.87,23971,4,0
2026-02-19 20:00:00+00:00,4984.87,4989.46,4975.3,4981.8,22823,4,0
2026-02-19 21:00:00+00:00,4981.79,4990.47,4978.42,4987.93,18031,4,0
2026-02-19 22:00:00+00:00,4987.93,5003.49,4987.93,5001.79,18367,4,0
2026-02-19 23:00:00+00:00,5001.77,5004.27,4991.81,4996.42,6754,4,0
2026-02-20 01:00:00+00:00,4996.42,5007.95,4985.55,4987.72,13861,4,0
2026-02-20 02:00:00+00:00,4987.72,5006.94,4985.57,5006.56,13476,4,0
2026-02-20 03:00:00+00:00,5006.52,5014.96,4995.34,4997.07,19350,4,0
2026-02-20 04:00:00+00:00,4997.1,5007.46,4992.84,4996.03,15395,4,0
2026-02-20 05:00:00+00:00,4996.03,4999.15,4981.58,4988.21,13622,4,0
2026-02-20 06:00:00+00:00,4988.36,5003.38,4986.87,4999.9,9123,4,0
2026-02-20 07:00:00+00:00,4999.9,5012.08,4998.14,5012.07,11944,4,0
2026-02-20 08:00:00+00:00,5012.07,5030.09,5011.91,5020.63,16616,4,0
2026-02-20 09:00:00+00:00,5020.63,5028.2,5006.09,5006.6,15649,4,0
2026-02-20 10:00:00+00:00,5006.61,5030.87,5004.99,5028.99,17973,4,0
2026-02-20 11:00:00+00:00,5028.99,5042.68,5027.56,5027.7,18511,4,0
2026-02-20 12:00:00+00:00,5027.7,5038.47,5019.64,5034.73,17137,4,0
2026-02-20 13:00:00+00:00,5034.73,5034.87,5015.54,5017.37,15711,4,0
2026-02-20 14:00:00+00:00,5017.36,5026.69,5006.95,5025.27,18242,4,0
2026-02-20 15:00:00+00:00,5025.25,5048.81,5018.41,5043.64,24712,4,0
2026-02-20 16:00:00+00:00,5043.64,5060.54,5037.23,5054.44,35608,4,0
2026-02-20 17:00:00+00:00,5054.42,5064.24,4989.4,5042.77,64320,4,0
2026-02-20 18:00:00+00:00,5042.77,5069.21,5038.87,5066.71,40399,4,0
2026-02-20 19:00:00+00:00,5066.71,5076.42,5054.64,5072.99,36121,4,0
2026-02-20 20:00:00+00:00,5072.97,5075.09,5054.04,5071.4,34340,4,0
2026-02-20 21:00:00+00:00,5071.46,5079.89,5068.76,5079.52,18189,4,0
2026-02-20 22:00:00+00:00,5079.52,5098.16,5076.83,5096.82,25116,4,0
2026-02-20 23:00:00+00:00,5096.82,5107.84,5091.62,5107.13,10872,4,0
2026-02-23 01:00:00+00:00,5109.54,5171.88,5102.67,5165.39,29014,4,0
2026-02-23 02:00:00+00:00,5165.39,5166.7,5129.58,5144.65,33852,4,0
2026-02-23 03:00:00+00:00,5144.64,5167.79,5140.1,5157.56,26371,4,0
2026-02-23 04:00:00+00:00,5157.53,5176.81,5156.81,5173.82,22514,4,0
2026-02-23 05:00:00+00:00,5173.85,5175.99,5151.92,5166.79,19969,4,0
2026-02-23 06:00:00+00:00,5166.79,5168.87,5155.55,5160.83,14526,4,0
2026-02-23 07:00:00+00:00,5160.85,5161.82,5152.23,5158.37,15158,4,0
2026-02-23 08:00:00+00:00,5158.36,5161.71,5145.08,5145.82,16171,4,0
2026-02-23 09:00:00+00:00,5145.82,5154.27,5124.99,5136.77,23910,4,0
2026-02-23 10:00:00+00:00,5136.77,5142.26,5122.33,5140.39,21673,4,0
2026-02-23 11:00:00+00:00,5140.35,5150.17,5139.17,5149.56,17123,4,0
2026-02-23 12:00:00+00:00,5149.58,5163.65,5145.11,5162.93,18888,4,0
2026-02-23 13:00:00+00:00,5162.93,5163.5,5146.53,5149.8,16096,4,0
2026-02-23 14:00:00+00:00,5149.8,5165.52,5145.54,5164.15,19010,4,0
2026-02-23 15:00:00+00:00,5164.15,5165.37,5143.78,5146.39,22971,4,0
2026-02-23 16:00:00+00:00,5146.39,5200.49,5141.43,5192.62,38162,4,0
2026-02-23 17:00:00+00:00,5192.62,5205.03,5180.81,5196.23,44017,4,0
2026-02-23 18:00:00+00:00,5196.14,5219.09,5175.96,5210.08,42418,4,0
2026-02-23 19:00:00+00:00,5210.08,5213.61,5191.0,5207.93,30464,4,0
2026-02-23 20:00:00+00:00,5207.94,5215.89,5201.13,5209.6,24126,4,0
2026-02-23 21:00:00+00:00,5209.59,5218.36,5206.64,5215.7,20614,4,0
2026-02-23 22:00:00+00:00,5215.66,5237.96,5214.93,5236.36,25248,4,0
2026-02-23 23:00:00+00:00,5236.33,5237.75,5226.6,5228.0,8265,4,0
2026-02-24 01:00:00+00:00,5228.0,5249.76,5222.32,5235.79,17058,4,0
2026-02-24 02:00:00+00:00,5235.72,5238.21,5218.17,5223.88,24249,4,0
2026-02-24 03:00:00+00:00,5223.87,5224.1,5145.25,5177.43,53257,4,0
2026-02-24 04:00:00+00:00,5177.43,5190.84,5165.63,5189.87,25202,4,0
2026-02-24 05:00:00+00:00,5189.87,5191.92,5171.15,5172.01,17630,4,0
2026-02-24 06:00:00+00:00,5172.01,5175.13,5160.85,5168.26,15890,4,0
2026-02-24 07:00:00+00:00,5168.26,5185.83,5164.03,5182.7,19517,4,0
2026-02-24 08:00:00+00:00,5182.7,5184.89,5156.42,5173.58,22665,4,0
2026-02-24 09:00:00+00:00,5173.6,5184.06,5164.25,5179.4,20476,4,0
2026-02-24 10:00:00+00:00,5179.4,5181.97,5165.05,5173.46,19526,4,0
2026-02-24 11:00:00+00:00,5173.46,5180.57,5166.47,5171.51,12507,4,0
2026-02-24 12:00:00+00:00,5171.51,5181.47,5163.25,5172.86,13780,4,0
2026-02-24 13:00:00+00:00,5172.86,5178.61,5170.97,5172.81,11624,4,0
2026-02-24 14:00:00+00:00,5172.81,5173.58,5145.15,5150.58,22625,4,0
2026-02-24 15:00:00+00:00,5150.55,5161.36,5110.98,5115.02,35796,4,0
2026-02-24 16:00:00+00:00,5114.97,5139.33,5094.14,5128.55,49530,4,0
2026-02-24 17:00:00+00:00,5128.56,5155.37,5118.04,5150.39,36676,4,0
2026-02-24 18:00:00+00:00,5150.39,5152.35,5131.17,5141.84,29052,4,0
2026-02-24 19:00:00+00:00,5141.84,5163.81,5141.69,5163.81,20175,4,0
2026-02-24 20:00:00+00:00,5163.81,5170.21,5153.7,5160.2,20489,4,0
2026-02-24 21:00:00+00:00,5160.2,5160.54,5146.44,5154.04,17545,4,0
2026-02-24 22:00:00+00:00,5153.98,5173.3,5146.68,5164.09,21281,4,0
2026-02-24 23:00:00+00:00,5164.09,5165.56,5140.49,5142.82,6663,4,0
2026-02-25 01:00:00+00:00,5142.82,5152.34,5120.04,5146.61,18918,4,0
2026-02-25 02:00:00+00:00,5146.61,5156.37,5136.98,5152.33,22115,4,0
2026-02-25 03:00:00+00:00,5152.33,5190.02,5144.46,5176.99,36046,4,0
2026-02-25 04:00:00+00:00,5176.99,5193.97,5166.64,5180.76,27504,4,0
2026-02-25 05:00:00+00:00,5180.76,5190.11,5178.55,5182.21,25951,4,0
2026-02-25 06:00:00+00:00,5182.19,5185.15,5172.67,5182.68,13383,4,0
2026-02-25 07:00:00+00:00,5182.7,5210.76,5182.7,5201.88,22022,4,0
2026-02-25 08:00:00+00:00,5201.88,5201.93,5182.31,5194.82,26872,4,0
2026-02-25 09:00:00+00:00,5194.82,5195.26,5180.52,5184.85,18691,4,0
2026-02-25 10:00:00+00:00,5184.85,5197.41,5184.22,5185.65,21582,4,0
2026-02-25 11:00:00+00:00,5185.65,5194.76,5176.61,5193.32,23630,4,0
2026-02-25 12:00:00+00:00,5193.32,5195.42,5170.29,5175.19,22434,4,0
2026-02-25 13:00:00+00:00,5175.34,5182.74,5155.27,5181.6,24007,4,0
2026-02-25 14:00:00+00:00,5181.6,5187.45,5177.36,5182.79,16523,4,0
2026-02-25 15:00:00+00:00,5182.81,5191.52,5181.17,5185.32,24115,4,0
2026-02-25 16:00:00+00:00,5185.32,5193.27,5158.97,5191.19,36923,4,0
2026-02-25 17:00:00+00:00,5191.3,5202.43,5172.54,5194.89,37810,4,0
2026-02-25 18:00:00+00:00,5194.89,5213.89,5189.95,5212.26,27045,4,0
2026-02-25 19:00:00+00:00,5212.21,5217.8,5203.66,5206.86,22573,4,0
2026-02-25 20:00:00+00:00,5206.96,5207.7,5200.78,5202.09,10195,4,0
2026-02-25 21:00:00+00:00,5202.08,5208.32,5191.8,5205.03,26803,4,0
2026-02-25 22:00:00+00:00,5205.01,5206.32,5146.34,5152.15,30947,4,0
2026-02-25 23:00:00+00:00,5152.17,5173.24,5150.23,5163.68,15130,4,0
2026-02-26 01:00:00+00:00,5163.68,5182.16,5158.68,5163.23,18417,4,0
2026-02-26 02:00:00+00:00,5163.23,5192.14,5155.58,5188.31,23442,4,0
2026-02-26 03:00:00+00:00,5188.31,5198.32,5178.81,5191.78,42153,4,0
2026-02-26 04:00:00+00:00,5191.77,5195.89,5174.25,5184.52,36440,4,0
2026-02-26 05:00:00+00:00,5184.54,5193.94,5183.16,5192.66,24497,4,0
2026-02-26 06:00:00+00:00,5192.66,5199.27,5190.71,5192.68,12776,4,0
2026-02-26 07:00:00+00:00,5192.7,5205.65,5189.94,5198.34,20201,4,0
2026-02-26 08:00:00+00:00,5198.34,5199.6,5190.11,5193.34,18609,4,0
2026-02-26 09:00:00+00:00,5193.34,5194.86,5179.78,5186.0,15534,4,0
2026-02-26 10:00:00+00:00,5186.0,5190.85,5167.74,5179.35,25009,4,0
2026-02-26 11:00:00+00:00,5179.35,5189.59,5174.12,5186.47,17562,4,0
2026-02-26 12:00:00+00:00,5186.47,5190.2,5165.97,5171.36,18578,4,0
2026-02-26 13:00:00+00:00,5171.36,5178.52,5161.22,5164.67,16510,4,0
2026-02-26 14:00:00+00:00,5164.68,5187.95,5157.78,5183.73,20208,4,0
2026-02-26 15:00:00+00:00,5183.73,5185.71,5164.21,5166.24,28188,4,0
2026-02-26 16:00:00+00:00,5166.04,5176.18,5139.79,5164.98,43527,4,0
2026-02-26 17:00:00+00:00,5164.99,5192.83,5130.65,5185.71,54234,4,0
2026-02-26 18:00:00+00:00,5185.77,5187.27,5172.99,5179.68,32903,4,0
2026-02-26 19:00:00+00:00,5179.68,5190.45,5161.94,5167.24,28065,4,0
2026-02-26 20:00:00+00:00,5167.24,5185.85,5160.91,5180.46,26403,4,0
2026-02-26 21:00:00+00:00,5180.49,5191.03,5179.65,5190.85,14933,4,0
2026-02-27 03:00:00+00:00,5176.31,5194.51,5173.06,5194.0,19673,4,0
2026-02-27 04:00:00+00:00,5194.02,5199.85,5173.74,5183.63,28839,4,0
2026-02-27 05:00:00+00:00,5183.62,5190.66,5181.19,5184.06,17582,4,0
2026-02-27 06:00:00+00:00,5184.04,5188.79,5180.97,5181.7,11387,4,0
2026-02-27 07:00:00+00:00,5181.7,5200.37,5181.5,5197.83,18122,4,0
2026-02-27 08:00:00+00:00,5197.83,5199.15,5185.08,5185.72,21930,4,0
2026-02-27 09:00:00+00:00,5185.67,5189.71,5175.9,5176.18,17907,4,0
2026-02-27 10:00:00+00:00,5176.18,5182.43,5174.34,5178.82,16143,4,0
2026-02-27 11:00:00+00:00,5178.82,5182.67,5172.24,5175.99,15731,4,0
2026-02-27 12:00:00+00:00,5175.99,5181.0,5168.7,5177.7,16503,4,0
2026-02-27 13:00:00+00:00,5177.7,5185.78,5172.63,5185.74,12564,4,0
2026-02-27 14:00:00+00:00,5185.74,5190.84,5183.06,5187.52,17919,4,0
2026-02-27 15:00:00+00:00,5187.52,5240.6,5186.76,5223.13,47237,4,0
2026-02-27 16:00:00+00:00,5223.13,5236.53,5213.95,5223.76,44371,4,0
2026-02-27 17:00:00+00:00,5223.75,5246.51,5214.81,5239.62,45389,4,0
2026-02-27 18:00:00+00:00,5239.62,5257.98,5221.97,5229.12,45417,4,0
2026-02-27 19:00:00+00:00,5229.29,5237.06,5220.81,5234.71,34550,4,0
2026-02-27 20:00:00+00:00,5234.71,5246.91,5222.59,5245.28,29656,4,0
2026-02-27 21:00:00+00:00,5245.28,5252.36,5240.29,5250.05,24947,4,0
2026-02-27 22:00:00+00:00,5250.05,5265.5,5248.47,5263.41,25831,4,0
2026-02-27 23:00:00+00:00,5263.41,5281.03,5257.14,5278.77,10353,4,0
2026-03-02 01:00:00+00:00,5363.14,5393.5,5302.81,5387.07,36514,4,0
2026-03-02 02:00:00+00:00,5387.07,5388.28,5340.88,5347.45,37033,4,0
2026-03-02 03:00:00+00:00,5347.34,5347.58,5303.15,5325.04,49213,4,0
2026-03-02 04:00:00+00:00,5325.04,5351.83,5316.79,5346.5,29752,4,0
2026-03-02 05:00:00+00:00,5346.5,5366.91,5344.33,5366.49,21850,4,0
2026-03-02 06:00:00+00:00,5366.49,5367.23,5345.23,5355.96,16808,4,0
2026-03-02 07:00:00+00:00,5355.96,5366.33,5340.62,5366.11,22193,4,0
2026-03-02 08:00:00+00:00,5366.11,5389.88,5363.5,5387.57,23266,4,0
2026-03-02 09:00:00+00:00,5387.57,5419.26,5384.93,5408.12,23556,4,0
2026-03-02 10:00:00+00:00,5408.12,5416.74,5391.14,5394.07,22908,4,0
2026-03-02 11:00:00+00:00,5394.07,5402.82,5386.1,5392.09,20964,4,0
2026-03-02 12:00:00+00:00,5392.18,5400.87,5379.2,5389.45,20369,4,0
2026-03-02 13:00:00+00:00,5389.45,5399.98,5375.51,5385.39,19159,4,0
2026-03-02 14:00:00+00:00,5385.33,5398.78,5378.88,5397.21,21985,4,0
2026-03-02 15:00:00+00:00,5397.21,5416.72,5382.07,5393.94,41509,4,0
2026-03-02 16:00:00+00:00,5393.94,5395.27,5306.94,5333.6,61472,4,0
2026-03-02 17:00:00+00:00,5333.6,5348.91,5308.32,5315.85,58309,4,0
2026-03-02 18:00:00+00:00,5315.55,5315.55,5260.77,5290.24,55995,4,0
2026-03-02 19:00:00+00:00,5290.24,5320.64,5287.04,5306.86,38977,4,0
2026-03-02 20:00:00+00:00,5306.91,5316.7,5289.61,5315.55,29729,4,0
2026-03-02 21:00:00+00:00,5315.54,5334.07,5313.88,5330.45,21115,4,0
2026-03-02 22:00:00+00:00,5330.45,5346.37,5328.39,5332.55,33596,4,0
2026-03-02 23:00:00+00:00,5332.55,5340.54,5320.72,5321.06,12171,4,0
2026-03-03 01:00:00+00:00,5321.06,5347.17,5321.06,5346.02,13359,4,0
2026-03-03 02:00:00+00:00,5346.02,5362.19,5336.95,5350.32,18686,4,0
2026-03-03 03:00:00+00:00,5350.32,5379.88,5337.97,5339.35,36310,4,0
2026-03-03 04:00:00+00:00,5339.35,5368.09,5333.06,5366.91,33461,4,0
2026-03-03 05:00:00+00:00,5366.91,5373.57,5359.18,5367.28,21213,4,0
2026-03-03 06:00:00+00:00,5367.3,5375.6,5359.48,5361.22,18407,4,0
2026-03-03 07:00:00+00:00,5361.23,5367.28,5305.41,5319.19,37017,4,0
2026-03-03 08:00:00+00:00,5319.17,5323.09,5278.99,5310.65,43334,4,0
2026-03-03 09:00:00+00:00,5310.66,5331.23,5306.05,5327.77,25557,4,0
2026-03-03 10:00:00+00:00,5327.77,5335.93,5290.33,5295.82,33107,4,0
2026-03-03 11:00:00+00:00,5295.82,5303.92,5226.29,5275.08,47255,4,0
2026-03-03 12:00:00+00:00,5275.08,5288.13,5238.57,5248.27,38708,4,0
2026-03-03 13:00:00+00:00,5248.29,5264.1,5075.28,5144.56,52619,4,0
2026-03-03 14:00:00+00:00,5144.56,5226.77,5138.46,5224.47,43681,4,0
2026-03-03 15:00:00+00:00,5224.47,5224.62,5127.39,5156.73,60033,4,0
2026-03-03 16:00:00+00:00,5156.73,5175.6,5015.84,5038.4,60774,4,0
2026-03-03 17:00:00+00:00,5038.4,5097.01,4995.97,5095.54,60959,4,0
2026-03-03 18:00:00+00:00,5095.49,5134.82,5090.62,5106.95,59734,4,0
2026-03-03 19:00:00+00:00,5107.19,5109.87,5065.32,5079.25,58537,4,0
2026-03-03 20:00:00+00:00,5079.25,5138.23,5079.25,5136.06,45339,4,0
2026-03-03 21:00:00+00:00,5136.02,5149.04,5099.42,5113.34,45852,4,0
2026-03-03 22:00:00+00:00,5113.34,5130.41,5086.02,5097.25,41703,4,0
2026-03-03 23:00:00+00:00,5097.45,5110.34,5082.96,5087.98,14814,4,0
2026-03-04 01:00:00+00:00,5087.98,5129.83,5084.39,5125.39,19721,4,0
2026-03-04 02:00:00+00:00,5125.39,5140.42,5105.97,5138.7,24677,4,0
2026-03-04 03:00:00+00:00,5138.7,5178.62,5138.65,5175.1,44435,4,0
2026-03-04 04:00:00+00:00,5175.1,5191.09,5153.9,5156.39,35766,4,0
2026-03-04 05:00:00+00:00,5156.41,5177.53,5141.03,5174.44,31656,4,0
2026-03-04 06:00:00+00:00,5174.51,5181.03,5152.13,5156.94,24130,4,0
2026-03-04 07:00:00+00:00,5156.94,5168.32,5152.15,5160.07,30846,4,0
2026-03-04 08:00:00+00:00,5160.07,5160.82,5122.39,5160.82,35861,4,0
2026-03-04 09:00:00+00:00,5160.59,5175.98,5158.44,5168.29,24945,4,0
2026-03-04 10:00:00+00:00,5168.29,5182.22,5147.91,5167.63,27083,4,0
2026-03-04 11:00:00+00:00,5167.63,5185.02,5159.24,5182.34,22865,4,0
2026-03-04 12:00:00+00:00,5182.34,5202.58,5179.59,5189.87,25443,4,0
2026-03-04 13:00:00+00:00,5189.87,5200.77,5187.74,5192.23,17686,4,0
2026-03-04 14:00:00+00:00,5192.23,5206.14,5156.27,5171.19,30547,4,0
2026-03-04 15:00:00+00:00,5171.19,5196.32,5167.48,5167.96,36014,4,0
2026-03-04 16:00:00+00:00,5167.96,5185.18,5138.74,5146.48,57027,4,0
2026-03-04 17:00:00+00:00,5145.48,5167.13,5131.3,5151.44,59781,4,0
2026-03-04 18:00:00+00:00,5151.46,5162.57,5138.31,5149.8,42537,4,0
2026-03-04 19:00:00+00:00,5149.8,5153.08,5120.33,5141.12,36629,4,0
2026-03-04 20:00:00+00:00,5141.12,5143.55,5108.83,5134.01,37414,4,0
2026-03-04 21:00:00+00:00,5134.01,5139.67,5123.37,5137.94,21731,4,0
2026-03-04 22:00:00+00:00,5137.85,5146.78,5123.78,5134.79,24907,4,0
2026-03-04 23:00:00+00:00,5134.81,5144.08,5129.52,5140.02,9661,4,0
2026-03-05 01:00:00+00:00,5140.17,5166.19,5140.17,5165.18,11077,4,0
2026-03-05 02:00:00+00:00,5165.18,5179.88,5159.5,5172.62,14272,4,0
2026-03-05 03:00:00+00:00,5172.62,5186.54,5167.56,5172.73,31144,4,0
2026-03-05 04:00:00+00:00,5172.69,5192.5,5171.73,5192.05,25719,4,0
2026-03-05 05:00:00+00:00,5192.05,5195.01,5178.31,5180.27,17855,4,0
2026-03-05 06:00:00+00:00,5180.26,5186.67,5166.35,5171.72,12725,4,0
2026-03-05 07:00:00+00:00,5171.72,5176.82,5148.4,5148.62,19134,4,0
2026-03-05 08:00:00+00:00,5148.62,5168.81,5120.65,5167.66,32865,4,0
2026-03-05 09:00:00+00:00,5167.66,5172.78,5158.99,5162.29,25543,4,0
2026-03-05 10:00:00+00:00,5162.29,5170.21,5137.79,5165.7,27482,4,0
2026-03-05 11:00:00+00:00,5165.68,5180.61,5153.66,5161.03,30666,4,0
2026-03-05 12:00:00+00:00,5160.96,5167.63,5146.35,5164.66,20349,4,0
2026-03-05 13:00:00+00:00,5164.66,5168.02,5156.97,5163.79,14453,4,0
2026-03-05 14:00:00+00:00,5163.8,5171.53,5160.93,5162.68,16538,4,0
2026-03-05 15:00:00+00:00,5162.68,5164.16,5083.3,5118.07,43738,4,0
2026-03-05 16:00:00+00:00,5118.07,5130.06,5090.9,5102.23,51690,4,0
2026-03-05 17:00:00+00:00,5102.23,5119.98,5060.45,5102.56,58224,4,0
2026-03-05 18:00:00+00:00,5102.59,5104.65,5054.36,5077.73,46005,4,0
2026-03-05 19:00:00+00:00,5077.73,5089.58,5055.02,5062.95,42661,4,0
2026-03-05 20:00:00+00:00,5062.93,5085.5,5050.88,5069.5,40486,4,0
2026-03-05 21:00:00+00:00,5069.51,5081.37,5055.78,5066.11,34334,4,0
2026-03-05 22:00:00+00:00,5066.11,5094.8,5061.61,5076.71,35809,4,0
2026-03-05 23:00:00+00:00,5076.71,5084.82,5071.93,5081.55,8842,4,0
2026-03-06 01:00:00+00:00,5081.57,5102.01,5074.42,5086.23,12064,4,0
2026-03-06 02:00:00+00:00,5086.25,5092.36,5074.2,5084.62,16564,4,0
2026-03-06 03:00:00+00:00,5084.62,5143.94,5066.5,5134.76,34155,4,0
2026-03-06 04:00:00+00:00,5134.75,5138.55,5122.16,5126.43,18108,4,0
2026-03-06 05:00:00+00:00,5126.4,5141.53,5124.26,5131.05,14180,4,0
2026-03-06 06:00:00+00:00,5131.05,5136.4,5126.28,5127.56,9214,4,0
2026-03-06 07:00:00+00:00,5127.56,5130.18,5114.39,5117.4,15859,4,0
2026-03-06 08:00:00+00:00,5117.4,5122.99,5109.26,5115.75,15136,4,0
2026-03-06 09:00:00+00:00,5115.75,5120.85,5105.86,5119.68,14091,4,0
2026-03-06 10:00:00+00:00,5119.74,5123.25,5096.35,5108.71,18305,4,0
2026-03-06 11:00:00+00:00,5108.71,5109.65,5083.39,5085.8,22403,4,0
2026-03-06 12:00:00+00:00,5085.8,5093.04,5075.72,5091.09,20985,4,0
2026-03-06 13:00:00+00:00,5091.09,5099.82,5062.82,5077.2,22988,4,0
2026-03-06 14:00:00+00:00,5077.2,5096.78,5076.35,5083.44,26321,4,0
2026-03-06 15:00:00+00:00,5083.44,5131.07,5065.61,5085.19,48122,4,0
2026-03-06 16:00:00+00:00,5085.19,5132.0,5080.99,5130.32,55229,4,0
2026-03-06 17:00:00+00:00,5130.32,5171.78,5128.1,5141.88,55397,4,0
2026-03-06 18:00:00+00:00,5141.8,5153.21,5126.04,5139.88,40618,4,0
2026-03-06 19:00:00+00:00,5139.88,5152.53,5128.98,5140.76,33892,4,0
2026-03-06 20:00:00+00:00,5140.76,5167.73,5138.68,5161.13,27506,4,0
2026-03-06 21:00:00+00:00,5161.09,5174.64,5156.64,5159.84,23462,4,0
2026-03-06 22:00:00+00:00,5159.8,5162.68,5149.45,5153.36,23385,4,0
2026-03-06 23:00:00+00:00,5153.33,5176.07,5150.9,5171.92,8157,4,0
2026-03-09 01:00:00+00:00,5129.95,5135.55,5044.37,5076.1,25828,4,0
2026-03-09 02:00:00+00:00,5076.1,5080.11,5028.44,5049.95,29059,4,0
2026-03-09 03:00:00+00:00,5049.95,5087.61,5014.71,5070.1,32339,4,0
2026-03-09 04:00:00+00:00,5070.1,5099.28,5055.43,5094.7,27517,4,0
2026-03-09 05:00:00+00:00,5094.7,5102.45,5081.73,5091.49,22985,4,0
2026-03-09 06:00:00+00:00,5091.49,5097.28,5085.4,5090.29,14864,4,0
2026-03-09 07:00:00+00:00,5090.29,5140.61,5080.94,5124.35,34235,4,0
2026-03-09 08:00:00+00:00,5124.35,5134.13,5097.09,5097.71,32712,4,0
2026-03-09 09:00:00+00:00,5097.71,5107.92,5088.63,5099.12,22892,4,0
2026-03-09 10:00:00+00:00,5099.11,5110.88,5087.1,5096.62,26182,4,0
2026-03-09 11:00:00+00:00,5096.56,5132.61,5095.15,5105.3,30191,4,0
2026-03-09 12:00:00+00:00,5105.3,5111.13,5084.26,5087.23,22800,4,0
2026-03-09 13:00:00+00:00,5087.23,5097.38,5079.84,5088.07,21609,4,0
2026-03-09 14:00:00+00:00,5088.07,5112.14,5088.07,5094.92,22279,4,0
2026-03-09 15:00:00+00:00,5094.92,5111.31,5067.36,5074.14,43063,4,0
2026-03-09 16:00:00+00:00,5074.14,5116.12,5061.04,5093.97,48190,4,0
2026-03-09 17:00:00+00:00,5093.97,5103.47,5079.66,5099.64,32143,4,0
2026-03-09 18:00:00+00:00,5099.74,5110.73,5094.69,5104.68,24486,4,0
2026-03-09 19:00:00+00:00,5104.68,5106.92,5089.13,5096.03,22501,4,0
2026-03-09 20:00:00+00:00,5096.03,5126.49,5092.53,5123.33,19362,4,0
2026-03-09 21:00:00+00:00,5123.33,5144.11,5118.51,5141.02,30901,4,0
2026-03-09 22:00:00+00:00,5141.02,5148.16,5133.82,5138.19,12090,4,0
2026-03-09 23:00:00+00:00,5138.19,5138.19,5138.19,5138.19,1,127,0
2026-03-10 01:00:00+00:00,5153.02,5156.09,5135.81,5139.7,14143,4,0
2026-03-10 02:00:00+00:00,5139.7,5141.3,5124.82,5131.04,17434,4,0
2026-03-10 03:00:00+00:00,5131.06,5186.26,5124.65,5184.35,31948,4,0
2026-03-10 04:00:00+00:00,5184.34,5187.08,5163.88,5165.99,24201,4,0
2026-03-10 05:00:00+00:00,5165.97,5173.5,5155.84,5157.9,18302,4,0
2026-03-10 06:00:00+00:00,5157.52,5166.62,5154.37,5163.87,12161,4,0
2026-03-10 07:00:00+00:00,5163.89,5179.33,5163.84,5178.01,15505,4,0
2026-03-10 08:00:00+00:00,5178.04,5180.94,5171.85,5175.34,17974,4,0
2026-03-10 09:00:00+00:00,5175.34,5181.29,5158.58,5181.05,18890,4,0
2026-03-10 10:00:00+00:00,5181.05,5195.15,5175.0,5183.32,20796,4,0
2026-03-10 11:00:00+00:00,5183.46,5189.41,5180.66,5182.58,15963,4,0
2026-03-10 12:00:00+00:00,5182.59,5184.0,5156.55,5177.21,21387,4,0
2026-03-10 13:00:00+00:00,5177.21,5191.94,5171.81,5175.14,21570,4,0
2026-03-10 14:00:00+00:00,5175.14,5189.46,5162.44,5187.02,22786,4,0
2026-03-10 15:00:00+00:00,5187.02,5228.68,5186.01,5205.61,38163,4,0
2026-03-10 16:00:00+00:00,5205.61,5214.42,5185.41,5206.78,33914,4,0
2026-03-10 17:00:00+00:00,5206.74,5238.55,5203.24,5228.62,29725,4,0
2026-03-10 18:00:00+00:00,5228.65,5235.58,5222.64,5227.65,22711,4,0
2026-03-10 19:00:00+00:00,5227.68,5235.46,5223.61,5227.6,24436,4,0
2026-03-10 20:00:00+00:00,5227.6,5228.12,5160.75,5191.78,38010,4,0
2026-03-10 21:00:00+00:00,5191.78,5207.68,5179.92,5198.87,29663,4,0
2026-03-10 22:00:00+00:00,5198.86,5199.09,5191.24,5191.41,8341,4,0
2026-03-10 23:00:00+00:00,5191.41,5191.41,5191.41,5191.41,1,140,0
2026-03-11 01:00:00+00:00,5189.2,5197.52,5187.69,5197.32,8415,4,0
2026-03-11 02:00:00+00:00,5197.31,5219.4,5186.83,5215.47,16900,4,0
2026-03-11 03:00:00+00:00,5215.47,5223.29,5208.52,5208.54,22076,4,0
2026-03-11 04:00:00+00:00,5208.54,5220.52,5194.22,5217.37,18853,4,0
2026-03-11 05:00:00+00:00,5217.4,5220.44,5199.28,5203.36,14058,4,0
2026-03-11 06:00:00+00:00,5203.36,5208.58,5199.48,5204.49,8819,4,0
2026-03-11 07:00:00+00:00,5204.51,5208.28,5190.63,5199.72,16152,4,0
2026-03-11 08:00:00+00:00,5199.72,5210.82,5191.59,5197.59,17725,4,0
2026-03-11 09:00:00+00:00,5197.59,5202.17,5184.58,5195.76,17917,4,0
2026-03-11 10:00:00+00:00,5195.76,5198.66,5175.44,5187.63,18188,4,0
2026-03-11 11:00:00+00:00,5187.63,5197.26,5179.62,5187.78,16878,4,0
2026-03-11 12:00:00+00:00,5187.79,5195.36,5177.21,5186.04,16063,4,0
2026-03-11 13:00:00+00:00,5186.04,5193.63,5175.65,5181.23,17882,4,0
2026-03-11 14:00:00+00:00,5181.23,5196.53,5166.7,5167.57,27579,4,0
2026-03-11 15:00:00+00:00,5167.57,5183.11,5149.28,5176.91,37984,4,0
2026-03-11 16:00:00+00:00,5176.91,5196.28,5174.5,5183.23,36727,4,0
2026-03-11 17:00:00+00:00,5183.23,5185.76,5164.08,5166.37,32281,4,0
2026-03-11 18:00:00+00:00,5166.37,5177.99,5163.61,5175.68,25733,4,0
2026-03-11 19:00:00+00:00,5175.68,5181.0,5154.94,5169.87,24278,4,0
2026-03-11 20:00:00+00:00,5169.86,5178.47,5169.27,5172.56,18124,4,0
2026-03-11 21:00:00+00:00,5172.56,5183.49,5169.25,5183.2,15085,4,0
2026-03-11 22:00:00+00:00,5183.18,5183.58,5174.96,5175.35,5474,4,0
2026-03-12 00:00:00+00:00,5178.97,5183.57,5129.99,5139.02,6002,9,0
2026-03-12 01:00:00+00:00,5139.04,5157.95,5132.98,5134.24,14517,4,0
2026-03-12 02:00:00+00:00,5134.24,5161.58,5125.61,5152.92,19512,4,0
2026-03-12 03:00:00+00:00,5152.93,5172.98,5151.51,5168.58,21944,4,0
2026-03-12 04:00:00+00:00,5168.58,5175.17,5145.76,5150.72,19793,4,0
2026-03-12 05:00:00+00:00,5150.72,5155.7,5147.3,5153.2,13651,4,0
2026-03-12 06:00:00+00:00,5153.2,5153.96,5140.43,5142.62,8208,4,0
2026-03-12 07:00:00+00:00,5142.64,5157.85,5137.19,5154.58,15558,4,0
2026-03-12 08:00:00+00:00,5154.57,5170.35,5147.24,5166.1,14921,4,0
2026-03-12 09:00:00+00:00,5166.1,5185.4,5164.47,5182.0,12204,4,0
2026-03-12 10:00:00+00:00,5182.48,5189.75,5175.76,5178.13,14169,4,0
2026-03-12 11:00:00+00:00,5178.13,5190.36,5174.4,5188.23,13312,4,0
2026-03-12 12:00:00+00:00,5188.23,5191.7,5176.23,5182.38,12760,4,0
2026-03-12 13:00:00+00:00,5182.39,5183.88,5172.69,5179.09,13315,4,0
2026-03-12 14:00:00+00:00,5179.09,5185.6,5163.85,5181.42,22091,4,0
2026-03-12 15:00:00+00:00,5181.42,5186.15,5146.09,5151.24,38573,4,0
2026-03-12 16:00:00+00:00,5151.24,5163.68,5138.34,5142.87,36314,4,0
2026-03-12 17:00:00+00:00,5142.87,5144.88,5109.91,5132.38,35526,4,0
2026-03-12 18:00:00+00:00,5132.38,5138.07,5121.24,5123.59,27141,4,0
2026-03-12 19:00:00+00:00,5123.44,5129.67,5102.53,5105.37,30145,4,0
2026-03-12 20:00:00+00:00,5105.37,5112.61,5090.67,5094.45,24898,4,0
2026-03-12 21:00:00+00:00,5094.36,5096.86,5079.62,5084.71,24514,4,0
2026-03-12 22:00:00+00:00,5084.66,5090.57,5055.0,5079.21,16394,4,0
2026-03-13 00:00:00+00:00,5077.33,5096.4,5073.02,5095.61,5770,14,0
2026-03-13 01:00:00+00:00,5095.85,5101.28,5089.05,5098.04,11899,4,0
2026-03-13 02:00:00+00:00,5098.04,5115.38,5097.35,5113.74,11193,4,0
2026-03-13 03:00:00+00:00,5113.74,5124.29,5108.86,5124.2,20652,4,0
2026-03-13 04:00:00+00:00,5124.2,5128.53,5110.45,5112.06,15035,4,0
2026-03-13 05:00:00+00:00,5112.06,5116.71,5106.24,5115.64,12071,4,0
2026-03-13 06:00:00+00:00,5115.65,5117.92,5102.71,5104.24,9337,4,0
2026-03-13 07:00:00+00:00,5104.25,5111.15,5098.41,5103.21,14250,4,0
2026-03-13 08:00:00+00:00,5103.21,5107.91,5085.75,5088.39,21585,4,0
2026-03-13 09:00:00+00:00,5088.39,5094.2,5071.73,5085.23,17457,4,0
2026-03-13 10:00:00+00:00,5085.23,5087.96,5061.53,5087.37,20639,4,0
2026-03-13 11:00:00+00:00,5087.36,5097.11,5083.32,5089.61,15919,4,0
2026-03-13 12:00:00+00:00,5089.61,5098.42,5079.88,5094.91,14890,4,0
2026-03-13 13:00:00+00:00,5094.91,5107.82,5086.26,5107.65,16007,4,0
2026-03-13 14:00:00+00:00,5107.53,5121.84,5104.43,5118.27,25120,4,0
2026-03-13 15:00:00+00:00,5118.27,5121.29,5096.54,5101.74,29517,4,0
2026-03-13 16:00:00+00:00,5101.74,5108.03,5035.97,5041.75,41951,4,0
2026-03-13 17:00:00+00:00,5041.78,5071.45,5031.93,5034.73,38948,4,0
2026-03-13 18:00:00+00:00,5034.73,5053.01,5019.04,5046.0,34675,4,0
2026-03-13 19:00:00+00:00,5046.0,5063.88,5043.51,5046.47,26158,4,0
2026-03-13 20:00:00+00:00,5046.47,5051.82,5036.07,5046.49,20893,4,0
2026-03-13 21:00:00+00:00,5046.53,5049.81,5009.66,5016.44,23886,4,0
2026-03-13 22:00:00+00:00,5016.61,5025.45,5012.3,5018.98,12100,4,0
2026-03-16 00:00:00+00:00,5016.23,5030.27,5000.88,5025.22,9221,5,0
2026-03-16 01:00:00+00:00,5024.91,5026.13,4967.62,4997.61,31465,4,0
2026-03-16 02:00:00+00:00,4997.61,5031.05,4996.79,5025.72,23834,4,0
2026-03-16 03:00:00+00:00,5025.83,5026.53,4982.63,5016.03,36070,4,0
2026-03-16 04:00:00+00:00,5016.03,5018.89,4997.92,5003.6,23891,4,0
2026-03-16 05:00:00+00:00,5003.61,5020.77,4998.21,5019.14,16182,4,0
2026-03-16 06:00:00+00:00,5019.14,5026.29,5012.33,5012.81,9929,4,0
2026-03-16 07:00:00+00:00,5012.81,5020.08,5003.28,5017.51,14880,4,0
2026-03-16 08:00:00+00:00,5017.51,5036.17,5005.48,5012.16,20105,4,0
2026-03-16 09:00:00+00:00,5012.16,5016.47,4991.92,4995.39,19110,4,0
2026-03-16 10:00:00+00:00,4995.39,5003.46,4984.98,4991.12,21854,4,0
2026-03-16 11:00:00+00:00,4991.12,4991.66,4972.74,4975.36,18115,4,0
2026-03-16 12:00:00+00:00,4975.36,4999.46,4970.11,4998.81,20216,4,0
2026-03-16 13:00:00+00:00,4998.74,5022.63,4992.84,4997.0,18784,4,0
2026-03-16 14:00:00+00:00,4997.0,5025.16,4994.38,5019.92,20596,4,0
2026-03-16 15:00:00+00:00,5019.92,5034.43,5013.9,5029.85,27514,4,0
2026-03-16 16:00:00+00:00,5029.85,5038.06,4987.99,4995.92,29579,4,0
2026-03-16 17:00:00+00:00,4995.89,5005.74,4983.92,4987.04,26339,4,0
2026-03-16 18:00:00+00:00,4987.04,4998.83,4974.03,4990.61,26636,4,0
2026-03-16 19:00:00+00:00,4992.27,5003.88,4983.96,4991.29,21006,4,0
2026-03-16 20:00:00+00:00,4991.29,5017.91,4989.99,5012.75,19133,4,0
2026-03-16 21:00:00+00:00,5012.75,5020.27,5008.1,5012.9,17022,4,0
2026-03-16 22:00:00+00:00,5012.92,5021.61,5004.66,5005.73,6574,4,0
2026-03-17 00:00:00+00:00,5008.08,5016.18,4998.66,5002.28,6022,5,0
2026-03-17 01:00:00+00:00,5002.27,5015.51,5001.85,5012.87,6672,4,0
2026-03-17 02:00:00+00:00,5012.87,5014.15,4998.22,5002.95,13355,4,0
2026-03-17 03:00:00+00:00,5002.95,5027.97,4994.71,5027.91,21161,4,0
2026-03-17 04:00:00+00:00,5027.88,5029.68,5019.94,5022.7,13655,4,0
2026-03-17 05:00:00+00:00,5022.7,5033.67,5020.61,5027.53,10856,4,0
2026-03-17 06:00:00+00:00,5027.53,5041.92,5026.37,5037.92,9791,4,0
2026-03-17 07:00:00+00:00,5037.92,5044.53,5020.16,5020.76,15348,4,0
2026-03-17 08:00:00+00:00,5020.83,5022.83,5005.34,5010.09,19276,4,0
2026-03-17 09:00:00+00:00,5010.09,5028.04,5008.98,5021.28,11875,4,0
2026-03-17 10:00:00+00:00,5021.28,5029.65,5018.38,5024.81,13593,4,0
2026-03-17 11:00:00+00:00,5024.81,5025.98,5009.9,5010.52,13398,4,0
2026-03-17 12:00:00+00:00,5010.52,5016.42,4992.0,5000.25,12408,17,0
2026-03-17 13:00:00+00:00,5000.19,5011.48,4996.79,5003.29,8720,17,0
2026-03-17 14:00:00+00:00,5003.25,5023.85,4999.41,5011.67,12310,4,0
2026-03-17 15:00:00+00:00,5011.67,5031.46,5005.44,5016.62,22416,4,0
2026-03-17 16:00:00+00:00,5016.62,5020.56,5002.85,5007.69,22488,4,0
2026-03-17 17:00:00+00:00,5007.69,5017.58,4973.51,4997.85,25222,4,0
2026-03-17 18:00:00+00:00,4997.85,5005.82,4991.61,5002.02,18963,4,0
2026-03-17 19:00:00+00:00,5001.95,5008.77,4996.45,5002.48,14234,4,0
2026-03-17 20:00:00+00:00,5002.48,5009.07,4999.74,5003.76,10545,4,0
2026-03-17 21:00:00+00:00,5003.76,5005.6,4996.42,5000.23,12538,4,0
2026-03-17 22:00:00+00:00,5000.2,5006.37,4999.88,5005.87,4870,4,0
2026-03-18 00:00:00+00:00,5005.63,5005.77,4993.32,4999.9,3670,5,0
2026-03-18 01:00:00+00:00,4999.8,5003.76,4998.85,5002.91,3972,4,0
2026-03-18 02:00:00+00:00,5002.92,5012.29,5000.25,5004.27,8589,4,0
2026-03-18 03:00:00+00:00,5004.27,5015.99,4991.25,4998.66,15012,4,0
2026-03-18 04:00:00+00:00,4998.92,5007.0,4990.44,4991.84,13905,4,0
2026-03-18 05:00:00+00:00,4991.84,4997.59,4986.04,4991.26,9358,4,0
2026-03-18 06:00:00+00:00,4991.26,4993.46,4981.79,4987.07,7354,4,0
2026-03-18 07:00:00+00:00,4987.07,5002.63,4984.68,4997.63,11672,4,0
2026-03-18 08:00:00+00:00,4997.63,5016.3,4996.35,5009.39,11453,4,0
2026-03-18 09:00:00+00:00,5009.39,5014.96,4990.42,4994.97,9754,4,0
2026-03-18 10:00:00+00:00,4994.97,4996.81,4977.17,4987.58,12872,4,0
2026-03-18 11:00:00+00:00,4987.61,4995.58,4984.85,4992.12,9346,4,0
2026-03-18 12:00:00+00:00,4992.12,4992.14,4958.88,4967.86,13510,4,0
2026-03-18 13:00:00+00:00,4967.86,4973.97,4925.05,4930.21,24252,4,0
2026-03-18 14:00:00+00:00,4930.21,4932.46,4870.73,4881.51,32868,4,0
2026-03-18 15:00:00+00:00,4881.51,4885.49,4834.17,4878.2,37547,4,0
2026-03-18 16:00:00+00:00,4878.2,4894.62,4856.72,4869.61,29666,4,0
2026-03-18 17:00:00+00:00,4869.59,4880.07,4861.1,4862.51,22054,4,0
2026-03-18 18:00:00+00:00,4862.43,4890.31,4860.86,4886.93,18333,4,0
2026-03-18 19:00:00+00:00,4886.86,4898.97,4883.85,4890.44,17718,4,0
2026-03-18 20:00:00+00:00,4890.36,4899.12,4852.27,4853.03,30628,4,0
2026-03-18 21:00:00+00:00,4853.03,4865.31,4838.37,4843.06,24689,4,0
2026-03-18 22:00:00+00:00,4843.06,4848.55,4806.64,4817.91,16663,4,0
2026-03-19 00:00:00+00:00,4829.37,4839.05,4805.23,4834.7,8685,5,0
2026-03-19 01:00:00+00:00,4834.68,4842.54,4828.23,4836.87,12582,4,0
2026-03-19 02:00:00+00:00,4836.87,4848.75,4835.54,4841.26,15264,4,0
2026-03-19 03:00:00+00:00,4841.26,4866.95,4832.74,4849.93,21575,4,0
2026-03-19 04:00:00+00:00,4849.96,4862.09,4841.55,4858.75,18927,4,0
2026-03-19 05:00:00+00:00,4858.75,4865.93,4850.84,4850.86,12537,4,0
2026-03-19 06:00:00+00:00,4850.86,4853.66,4845.73,4849.83,9399,4,0
2026-03-19 07:00:00+00:00,4849.85,4853.81,4826.82,4827.52,15167,4,0
2026-03-19 08:00:00+00:00,4827.47,4842.21,4747.7,4763.57,28055,4,0
2026-03-19 09:00:00+00:00,4763.55,4784.3,4727.14,4727.85,24519,4,0
2026-03-19 10:00:00+00:00,4727.85,4740.47,4686.85,4709.31,29522,4,0
2026-03-19 11:00:00+00:00,4709.31,4725.85,4687.81,4699.01,28502,4,0
2026-03-19 12:00:00+00:00,4699.01,4719.84,4666.56,4679.02,25386,4,0
2026-03-19 13:00:00+00:00,4679.03,4699.78,4650.81,4651.5,24133,4,0
2026-03-19 14:00:00+00:00,4651.5,4653.77,4531.25,4574.48,40318,4,0
2026-03-19 15:00:00+00:00,4574.48,4621.71,4502.57,4621.6,47487,4,0
2026-03-19 16:00:00+00:00,4621.6,4649.16,4581.06,4601.58,41980,4,0
2026-03-19 17:00:00+00:00,4601.63,4639.03,4566.23,4596.52,38035,4,0
2026-03-19 18:00:00+00:00,4596.52,4626.47,4576.78,4584.83,32754,4,0
2026-03-19 19:00:00+00:00,4584.83,4629.88,4574.04,4616.01,30583,4,0
2026-03-19 20:00:00+00:00,4616.01,4622.9,4596.4,4622.88,24980,4,0
2026-03-19 21:00:00+00:00,4622.88,4663.38,4622.88,4643.72,35931,4,0
2026-03-19 22:00:00+00:00,4643.74,4661.77,4642.65,4648.73,13290,4,0
2026-03-20 00:00:00+00:00,4654.32,4677.23,4636.27,4636.48,8042,5,0
2026-03-20 01:00:00+00:00,4636.47,4647.74,4634.19,4643.62,12665,4,0
2026-03-20 02:00:00+00:00,4643.63,4664.96,4642.1,4648.71,16361,4,0
2026-03-20 03:00:00+00:00,4648.71,4699.22,4639.42,4677.32,28572,4,0
2026-03-20 04:00:00+00:00,4677.34,4703.52,4670.19,4698.18,19090,4,0
2026-03-20 05:00:00+00:00,4698.23,4735.84,4693.17,4725.64,18862,4,0
2026-03-20 06:00:00+00:00,4725.65,4727.5,4715.4,4721.57,11344,4,0
2026-03-20 07:00:00+00:00,4721.59,4723.72,4685.86,4688.34,19428,4,0
2026-03-20 08:00:00+00:00,4688.35,4701.14,4661.5,4669.35,22777,4,0
2026-03-20 09:00:00+00:00,4669.35,4707.86,4668.17,4706.34,17208,4,0
2026-03-20 10:00:00+00:00,4706.4,4734.87,4685.08,4693.62,21683,4,0
2026-03-20 11:00:00+00:00,4693.62,4700.35,4659.88,4667.59,20247,4,0
2026-03-20 12:00:00+00:00,4667.6,4670.05,4638.17,4645.37,24959,4,0
2026-03-20 13:00:00+00:00,4645.37,4674.32,4637.22,4671.65,22117,4,0
2026-03-20 14:00:00+00:00,4671.65,4695.44,4662.09,4678.39,26840,4,0
2026-03-20 15:00:00+00:00,4678.39,4679.65,4612.66,4616.45,36795,4,0
2026-03-20 16:00:00+00:00,4616.41,4622.58,4547.79,4564.14,44700,4,0
2026-03-20 17:00:00+00:00,4563.94,4580.07,4540.53,4553.31,39877,4,0
2026-03-20 18:00:00+00:00,4553.37,4613.58,4551.96,4583.29,32046,4,0
2026-03-20 19:00:00+00:00,4583.29,4600.7,4554.12,4573.34,29018,4,0
2026-03-20 20:00:00+00:00,4573.35,4578.35,4477.27,4499.67,35292,4,0
2026-03-20 21:00:00+00:00,4499.68,4516.77,4485.51,4501.72,37689,4,0
2026-03-20 22:00:00+00:00,4501.57,4514.44,4493.01,4493.01,19141,4,0
2026-03-23 00:00:00+00:00,4487.25,4536.29,4449.59,4498.4,10398,5,0
2026-03-23 01:00:00+00:00,4498.05,4510.94,4452.4,4464.56,23790,4,0
2026-03-23 02:00:00+00:00,4464.56,4473.32,4319.97,4354.26,33935,4,0
2026-03-23 03:00:00+00:00,4354.21,4454.05,4330.12,4387.63,35260,4,0
2026-03-23 04:00:00+00:00,4387.63,4422.07,4354.89,4360.57,31773,4,0
2026-03-23 05:00:00+00:00,4360.57,4378.05,4335.18,4352.89,26856,4,0
2026-03-23 06:00:00+00:00,4352.89,4381.65,4350.32,4367.38,20744,4,0
2026-03-23 07:00:00+00:00,4367.38,4379.99,4302.35,4310.34,27672,4,0
2026-03-23 08:00:00+00:00,4310.34,4310.38,4162.83,4220.24,41869,4,0
2026-03-23 09:00:00+00:00,4220.24,4232.51,4098.53,4204.24,40274,4,0
2026-03-23 10:00:00+00:00,4204.24,4270.44,4203.28,4251.14,39506,4,0
2026-03-23 11:00:00+00:00,4251.14,4308.28,4223.64,4253.66,33490,4,0
2026-03-23 12:00:00+00:00,4254.0,4281.82,4241.25,4269.03,28470,4,0
2026-03-23 13:00:00+00:00,4269.03,4462.75,4269.03,4378.97,39087,4,0
2026-03-23 14:00:00+00:00,4378.97,4492.43,4336.87,4478.25,38426,4,0
2026-03-23 15:00:00+00:00,4478.24,4485.42,4401.63,4454.48,42869,4,0
2026-03-23 16:00:00+00:00,4454.48,4512.81,4453.5,4461.66,44720,4,0
2026-03-23 17:00:00+00:00,4461.73,4486.89,4350.99,4363.78,44329,4,0
2026-03-23 18:00:00+00:00,4363.78,4391.53,4352.55,4375.37,41194,4,0
2026-03-23 19:00:00+00:00,4375.37,4438.86,4370.75,4426.23,34610,4,0
2026-03-23 20:00:00+00:00,4426.22,4466.95,4402.41,4449.03,31696,4,0
2026-03-23 21:00:00+00:00,4449.03,4450.59,4392.97,4397.79,30077,4,0
2026-03-23 22:00:00+00:00,4397.79,4413.19,4383.04,4405.77,13774,4,0
2026-03-24 00:00:00+00:00,4416.51,4431.36,4361.27,4426.9,8580,6,0
2026-03-24 01:00:00+00:00,4426.84,4448.36,4421.73,4440.98,17025,4,0
2026-03-24 02:00:00+00:00,4441.0,4446.51,4331.49,4364.61,30741,4,0
2026-03-24 03:00:00+00:00,4364.61,4374.17,4308.03,4322.36,36899,4,0
2026-03-24 04:00:00+00:00,4322.38,4379.28,4305.89,4366.16,30437,4,0
2026-03-24 05:00:00+00:00,4366.16,4368.37,4335.05,4347.27,24230,4,0
2026-03-24 06:00:00+00:00,4347.27,4357.08,4326.69,4333.5,19966,4,0
2026-03-24 07:00:00+00:00,4333.5,4374.13,4319.88,4347.29,29874,4,0
2026-03-24 08:00:00+00:00,4347.29,4404.9,4342.95,4402.0,30052,4,0
2026-03-24 09:00:00+00:00,4402.0,4432.68,4399.63,4417.22,28157,4,0
2026-03-24 10:00:00+00:00,4417.22,4420.76,4391.11,4412.13,28864,4,0
2026-03-24 11:00:00+00:00,4412.12,4430.92,4396.02,4426.45,23965,4,0
2026-03-24 12:00:00+00:00,4426.45,4441.83,4414.66,4438.77,22082,4,0
2026-03-24 13:00:00+00:00,4438.77,4442.08,4374.64,4407.88,29146,4,0
2026-03-24 14:00:00+00:00,4407.88,4427.3,4362.38,4379.15,32017,4,0
2026-03-24 15:00:00+00:00,4379.15,4390.02,4351.52,4381.54,38831,4,0
2026-03-24 16:00:00+00:00,4381.54,4433.89,4380.8,4415.66,37916,4,0
2026-03-24 17:00:00+00:00,4415.66,4430.93,4396.38,4411.58,34505,4,0
2026-03-24 18:00:00+00:00,4411.58,4427.65,4402.47,4421.28,29371,4,0
2026-03-24 19:00:00+00:00,4421.28,4426.3,4372.15,4388.55,34390,4,0
2026-03-24 20:00:00+00:00,4388.55,4423.4,4383.97,4389.45,29469,4,0
2026-03-24 21:00:00+00:00,4389.45,4411.34,4388.55,4400.38,22555,4,0
2026-03-24 22:00:00+00:00,4400.38,4484.04,4397.32,4474.85,31798,4,0
2026-03-25 00:00:00+00:00,4479.7,4485.76,4455.97,4484.54,7608,5,0
2026-03-25 01:00:00+00:00,4484.48,4551.33,4472.38,4546.65,21056,4,0
2026-03-25 02:00:00+00:00,4546.65,4571.97,4537.34,4563.23,22401,4,0
2026-03-25 03:00:00+00:00,4563.24,4601.04,4552.25,4594.92,23440,4,0
2026-03-25 04:00:00+00:00,4594.92,4602.46,4579.95,4583.81,20051,4,0
2026-03-25 05:00:00+00:00,4583.81,4586.4,4567.75,4570.23,16780,4,0
2026-03-25 06:00:00+00:00,4570.23,4574.63,4565.76,4572.61,11002,4,0
2026-03-25 07:00:00+00:00,4572.64,4573.45,4549.38,4555.69,17598,4,0
2026-03-25 08:00:00+00:00,4555.69,4556.91,4533.26,4545.43,18855,4,0
2026-03-25 09:00:00+00:00,4545.42,4563.29,4537.12,4539.41,17856,4,0
2026-03-25 10:00:00+00:00,4539.41,4567.86,4535.85,4556.07,25278,4,0
2026-03-25 11:00:00+00:00,4556.07,4567.51,4527.8,4551.98,21540,4,0
2026-03-25 12:00:00+00:00,4551.98,4562.49,4551.16,4558.91,19018,4,0
2026-03-25 13:00:00+00:00,4558.91,4585.66,4556.19,4578.85,20331,4,0
2026-03-25 14:00:00+00:00,4578.85,4583.71,4521.94,4544.0,30262,4,0
2026-03-25 15:00:00+00:00,4544.0,4576.44,4540.91,4544.65,33701,4,0
2026-03-25 16:00:00+00:00,4544.65,4579.26,4532.99,4567.11,33569,4,0
2026-03-25 17:00:00+00:00,4567.15,4568.96,4525.13,4558.98,30681,4,0
2026-03-25 18:00:00+00:00,4558.98,4564.78,4545.24,4555.34,27428,4,0
2026-03-25 19:00:00+00:00,4555.35,4563.97,4542.56,4550.64,23787,4,0
2026-03-25 20:00:00+00:00,4550.64,4568.94,4530.94,4538.26,24080,4,0
2026-03-25 21:00:00+00:00,4538.26,4539.54,4486.99,4530.88,29002,4,0
2026-03-25 22:00:00+00:00,4530.88,4542.01,4494.73,4505.77,14987,4,0
2026-03-26 00:00:00+00:00,4517.4,4534.75,4505.85,4517.65,6976,6,0
2026-03-26 01:00:00+00:00,4517.69,4518.25,4489.03,4498.35,15328,4,0
2026-03-26 02:00:00+00:00,4498.35,4539.26,4498.32,4535.65,19077,4,0
2026-03-26 03:00:00+00:00,4535.65,4544.42,4522.39,4535.79,22996,4,0
2026-03-26 04:00:00+00:00,4535.79,4535.95,4505.71,4508.95,19220,4,0
2026-03-26 05:00:00+00:00,4508.95,4518.83,4499.96,4516.65,17874,4,0
2026-03-26 06:00:00+00:00,4516.65,4524.33,4511.46,4520.48,11231,4,0
2026-03-26 07:00:00+00:00,4520.5,4522.27,4438.97,4439.09,23870,4,0
2026-03-26 08:00:00+00:00,4439.1,4459.36,4415.89,4456.39,29332,4,0
2026-03-26 09:00:00+00:00,4456.39,4463.8,4439.05,4452.65,22435,4,0
2026-03-26 10:00:00+00:00,4452.63,4459.21,4412.5,4427.62,27998,4,0
2026-03-26 11:00:00+00:00,4427.59,4437.02,4414.56,4423.75,24686,4,0
2026-03-26 12:00:00+00:00,4423.75,4448.25,4417.2,4443.83,22689,4,0
2026-03-26 13:00:00+00:00,4443.83,4456.64,4419.02,4423.11,22219,4,0
2026-03-26 14:00:00+00:00,4423.11,4445.66,4416.38,4429.48,27161,4,0
2026-03-26 15:00:00+00:00,4429.25,4460.47,4420.23,4452.67,35698,4,0
2026-03-26 16:00:00+00:00,4452.67,4479.38,4437.22,4465.06,39515,4,0
2026-03-26 17:00:00+00:00,4465.06,4469.12,4433.86,4438.29,32408,4,0
2026-03-26 18:00:00+00:00,4438.29,4442.71,4366.77,4389.33,34536,4,0
2026-03-26 19:00:00+00:00,4389.32,4402.55,4377.45,4381.47,28563,4,0
2026-03-26 20:00:00+00:00,4381.44,4397.86,4367.79,4394.56,24178,4,0
2026-03-26 21:00:00+00:00,4394.55,4399.41,4359.1,4364.03,23487,4,0
2026-03-26 22:00:00+00:00,4364.0,4420.29,4350.93,4376.21,30185,4,0
2026-03-27 00:00:00+00:00,4383.99,4415.05,4376.27,4411.39,5996,5,0
2026-03-27 01:00:00+00:00,4411.42,4414.37,4390.17,4405.18,9750,4,0
2026-03-27 02:00:00+00:00,4405.2,4411.1,4375.38,4378.45,16531,4,0
2026-03-27 03:00:00+00:00,4378.45,4420.49,4377.31,4417.49,20981,4,0
2026-03-27 04:00:00+00:00,4417.49,4440.48,4417.29,4432.03,18931,4,0
2026-03-27 05:00:00+00:00,4432.04,4446.01,4421.1,4437.49,15476,4,0
2026-03-27 06:00:00+00:00,4437.49,4449.46,4431.26,4446.13,10738,4,0
2026-03-27 07:00:00+00:00,4446.13,4475.17,4440.37,4454.46,17865,4,0
2026-03-27 08:00:00+00:00,4454.25,4473.06,4451.65,4459.39,19199,4,0
2026-03-27 09:00:00+00:00,4459.39,4462.96,4442.85,4447.64,15800,4,0
2026-03-27 10:00:00+00:00,4447.64,4451.06,4423.78,4424.25,19712,4,0
2026-03-27 11:00:00+00:00,4424.16,4438.25,4420.66,4428.82,18149,4,0
2026-03-27 12:00:00+00:00,4428.82,4432.96,4410.98,4414.91,17977,4,0
2026-03-27 13:00:00+00:00,4414.9,4426.29,4404.09,4420.32,18918,4,0
2026-03-27 14:00:00+00:00,4420.32,4445.29,4412.62,4437.99,20472,4,0
2026-03-27 15:00:00+00:00,4437.99,4443.92,4413.65,4431.46,26822,4,0
2026-03-27 16:00:00+00:00,4431.46,4514.74,4430.92,4509.75,32137,4,0
2026-03-27 17:00:00+00:00,4509.75,4555.26,4501.59,4523.89,30674,4,0
2026-03-27 18:00:00+00:00,4524.11,4533.73,4505.58,4516.2,23782,4,0
2026-03-27 19:00:00+00:00,4516.2,4522.03,4486.4,4486.65,25247,4,0
2026-03-27 20:00:00+00:00,4486.65,4528.75,4486.62,4516.94,22824,4,0
2026-03-27 21:00:00+00:00,4516.93,4526.49,4500.89,4514.41,20998,4,0
2026-03-27 22:00:00+00:00,4514.37,4520.46,4491.04,4493.19,12482,4,0
2026-03-30 01:00:00+00:00,4471.23,4513.98,4468.39,4485.05,19884,4,0
2026-03-30 02:00:00+00:00,4485.05,4492.98,4443.94,4448.73,19246,4,0
2026-03-30 03:00:00+00:00,4448.73,4466.73,4419.53,4432.24,24847,4,0
2026-03-30 04:00:00+00:00,4432.22,4475.62,4431.92,4469.39,27013,4,0
2026-03-30 05:00:00+00:00,4469.43,4499.26,4458.7,4481.1,21404,4,0
2026-03-30 06:00:00+00:00,4481.1,4517.26,4478.58,4495.96,18942,4,0
2026-03-30 07:00:00+00:00,4495.96,4498.6,4486.21,4496.75,13462,4,0
2026-03-30 08:00:00+00:00,4496.77,4528.5,4496.77,4522.48,18788,4,0
2026-03-30 09:00:00+00:00,4522.46,4550.61,4516.95,4532.4,22325,4,0
2026-03-30 10:00:00+00:00,4532.42,4534.95,4516.09,4527.38,19595,4,0
2026-03-30 11:00:00+00:00,4527.41,4540.57,4524.98,4538.32,17218,4,0
2026-03-30 12:00:00+00:00,4538.32,4540.78,4523.6,4532.39,17783,4,0
2026-03-30 13:00:00+00:00,4532.64,4540.09,4527.78,4532.36,14912,4,0
2026-03-30 14:00:00+00:00,4532.35,4580.6,4525.44,4559.55,25351,4,0
2026-03-30 15:00:00+00:00,4559.55,4577.99,4545.39,4569.39,21736,4,0
2026-03-30 16:00:00+00:00,4569.39,4578.73,4516.69,4523.17,33523,4,0
2026-03-30 17:00:00+00:00,4523.17,4541.45,4512.29,4538.6,35682,4,0
2026-03-30 18:00:00+00:00,4538.6,4556.82,4524.82,4548.31,26518,4,0
2026-03-30 19:00:00+00:00,4548.31,4549.7,4532.32,4539.84,22647,4,0
2026-03-30 20:00:00+00:00,4539.82,4542.22,4511.25,4515.1,23516,4,0
2026-03-30 21:00:00+00:00,4515.1,4523.11,4498.31,4498.97,20024,4,0
2026-03-30 22:00:00+00:00,4498.97,4518.39,4493.05,4513.61,23369,4,0
2026-03-31 01:00:00+00:00,4510.33,4523.0,4502.22,4510.87,9014,4,0
2026-03-31 02:00:00+00:00,4510.87,4521.22,4492.32,4513.74,14343,4,0
2026-03-31 03:00:00+00:00,4513.74,4548.25,4482.59,4547.74,25270,4,0
2026-03-31 04:00:00+00:00,4547.74,4619.5,4532.03,4605.02,29038,4,0
2026-03-31 05:00:00+00:00,4605.02,4607.26,4565.59,4568.18,23507,4,0
2026-03-31 06:00:00+00:00,4568.2,4576.9,4550.26,4557.03,18307,4,0
2026-03-31 07:00:00+00:00,4557.03,4569.45,4557.03,4564.87,14387,4,0
2026-03-31 08:00:00+00:00,4564.89,4581.81,4547.84,4568.95,19079,4,0
2026-03-31 09:00:00+00:00,4568.95,4569.17,4553.27,4557.16,20436,4,0
2026-03-31 10:00:00+00:00,4557.16,4565.64,4543.24,4564.43,19906,4,0
2026-03-31 11:00:00+00:00,4564.43,4575.21,4560.4,4568.56,19843,4,0
2026-03-31 12:00:00+00:00,4568.56,4572.37,4550.19,4555.59,19278,4,0
2026-03-31 13:00:00+00:00,4555.59,4561.81,4529.49,4546.96,20403,4,0
2026-03-31 14:00:00+00:00,4546.94,4593.23,4541.01,4582.26,28890,4,0
2026-03-31 15:00:00+00:00,4582.26,4597.56,4569.15,4574.74,27050,4,0
2026-03-31 16:00:00+00:00,4574.74,4609.93,4567.84,4607.11,28934,4,0
2026-03-31 17:00:00+00:00,4607.03,4630.13,4594.99,4599.04,34085,4,0
2026-03-31 18:00:00+00:00,4599.04,4625.46,4599.04,4609.5,29754,4,0
2026-03-31 19:00:00+00:00,4609.5,4651.65,4606.95,4638.14,31005,4,0
2026-03-31 20:00:00+00:00,4638.21,4667.28,4636.36,4654.99,32436,4,0
2026-03-31 21:00:00+00:00,4654.6,4671.12,4653.59,4667.47,23731,4,0
2026-03-31 22:00:00+00:00,4667.47,4685.67,4661.83,4682.65,23405,4,0
2026-04-01 01:00:00+00:00,4667.56,4696.44,4661.63,4680.84,14306,4,0
2026-04-01 02:00:00+00:00,4680.84,4700.14,4671.91,4696.22,13359,4,0
2026-04-01 03:00:00+00:00,4696.26,4722.36,4693.42,4710.88,19999,4,0
2026-04-01 04:00:00+00:00,4710.88,4724.23,4681.47,4692.77,24020,4,0
2026-04-01 05:00:00+00:00,4692.73,4700.48,4678.28,4684.46,18017,4,0
2026-04-01 06:00:00+00:00,4684.46,4694.22,4679.73,4681.91,13797,4,0
2026-04-01 07:00:00+00:00,4681.91,4682.05,4667.06,4676.43,11875,4,0
2026-04-01 08:00:00+00:00,4676.45,4703.52,4674.9,4684.15,15551,4,0
2026-04-01 09:00:00+00:00,4684.2,4733.22,4682.56,4730.62,21410,4,0
2026-04-01 10:00:00+00:00,4730.62,4747.67,4709.61,4712.95,24480,4,0
2026-04-01 11:00:00+00:00,4712.95,4740.55,4710.5,4728.64,19279,4,0
2026-04-01 12:00:00+00:00,4728.64,4730.24,4713.26,4723.16,17258,4,0
2026-04-01 13:00:00+00:00,4723.18,4738.85,4715.01,4731.39,14898,4,0
2026-04-01 14:00:00+00:00,4731.39,4763.05,4728.17,4752.44,18153,4,0
2026-04-01 15:00:00+00:00,4752.44,4753.71,4724.39,4724.78,24509,4,0
2026-04-01 16:00:00+00:00,4724.78,4749.58,4716.2,4738.19,29178,4,0
2026-04-01 17:00:00+00:00,4738.19,4768.82,4724.25,4760.76,30215,4,0
2026-04-01 18:00:00+00:00,4760.76,4788.25,4758.34,4786.57,26720,4,0
2026-04-01 19:00:00+00:00,4786.57,4790.69,4774.41,4787.31,18977,4,0
2026-04-01 20:00:00+00:00,4787.31,4793.08,4773.63,4774.3,17784,4,0
2026-04-01 21:00:00+00:00,4774.3,4775.25,4742.14,4753.08,26552,4,0
2026-04-01 22:00:00+00:00,4753.08,4778.27,4751.17,4766.16,21102,4,0
2026-04-02 01:00:00+00:00,4757.32,4782.8,4748.72,4776.43,8514,4,0
2026-04-02 02:00:00+00:00,4776.43,4800.45,4773.6,4784.08,12417,4,0
2026-04-02 03:00:00+00:00,4784.1,4798.76,4775.11,4784.65,17778,4,0
2026-04-02 04:00:00+00:00,4784.65,4786.3,4650.05,4696.59,36430,4,0
2026-04-02 05:00:00+00:00,4696.48,4704.08,4655.53,4686.79,27554,4,0
2026-04-02 06:00:00+00:00,4686.79,4699.25,4675.56,4676.11,18645,4,0
2026-04-02 07:00:00+00:00,4676.11,4681.39,4657.13,4672.56,15428,4,0
2026-04-02 08:00:00+00:00,4672.58,4680.42,4586.23,4594.16,25222,4,0
2026-04-02 09:00:00+00:00,4594.16,4608.66,4553.84,4599.22,29645,4,0
2026-04-02 10:00:00+00:00,4599.21,4651.0,4597.27,4642.77,21830,4,0
2026-04-02 11:00:00+00:00,4642.77,4648.87,4617.26,4620.8,20559,4,0
2026-04-02 12:00:00+00:00,4620.8,4631.85,4613.24,4621.83,17128,4,0
2026-04-02 13:00:00+00:00,4621.83,4634.98,4604.12,4620.53,17630,4,0
2026-04-02 14:00:00+00:00,4620.25,4630.64,4592.93,4600.09,19943,4,0
2026-04-02 15:00:00+00:00,4600.12,4630.27,4594.59,4601.74,24307,4,0
2026-04-02 16:00:00+00:00,4601.94,4651.46,4580.75,4646.45,35310,4,0
2026-04-02 17:00:00+00:00,4646.45,4699.75,4631.52,4681.45,39333,4,0
2026-04-02 18:00:00+00:00,4681.45,4684.04,4652.62,4661.04,32229,4,0
2026-04-02 19:00:00+00:00,4661.03,4670.46,4643.03,4659.24,27427,4,0
2026-04-02 20:00:00+00:00,4659.22,4668.4,4645.77,4648.55,23698,4,0
2026-04-02 21:00:00+00:00,4648.55,4672.06,4647.38,4668.51,18912,4,0
2026-04-02 22:00:00+00:00,4668.51,4681.85,4661.44,4671.97,20358,4,0
2026-04-06 01:00:00+00:00,4649.61,4664.85,4608.05,4645.67,20649,4,0
2026-04-06 02:00:00+00:00,4645.67,4651.05,4605.09,4610.5,16225,4,0
2026-04-06 03:00:00+00:00,4610.5,4629.44,4600.76,4622.3,18868,4,0
2026-04-06 04:00:00+00:00,4622.33,4643.13,4620.45,4625.88,16994,4,0
2026-04-06 05:00:00+00:00,4625.88,4671.95,4623.66,4648.0,18465,4,0
2026-04-06 06:00:00+00:00,4648.0,4648.05,4625.3,4640.52,15087,4,0
2026-04-06 07:00:00+00:00,4640.52,4659.86,4639.97,4659.08,11249,4,0
2026-04-06 08:00:00+00:00,4659.1,4678.83,4651.38,4652.68,13640,4,0
2026-04-06 09:00:00+00:00,4652.68,4667.86,4643.15,4666.07,15255,4,0
2026-04-06 10:00:00+00:00,4666.07,4688.29,4644.91,4684.85,17227,4,0
2026-04-06 11:00:00+00:00,4684.85,4698.23,4681.09,4695.82,16285,4,0
2026-04-06 12:00:00+00:00,4695.82,4706.61,4690.93,4693.64,15653,4,0
2026-04-06 13:00:00+00:00,4693.64,4697.62,4684.79,4689.77,14067,4,0
2026-04-06 14:00:00+00:00,4689.77,4696.79,4677.08,4677.94,14148,4,0
2026-04-06 15:00:00+00:00,4677.91,4686.79,4659.63,4675.89,17096,4,0
2026-04-06 16:00:00+00:00,4675.89,4682.0,4659.76,4679.79,24102,4,0
2026-04-06 17:00:00+00:00,4679.8,4697.48,4660.33,4683.1,28710,4,0
2026-04-06 18:00:00+00:00,4683.1,4684.17,4651.84,4668.19,22218,4,0
2026-04-06 19:00:00+00:00,4668.19,4672.65,4657.95,4660.35,17046,4,0
2026-04-06 20:00:00+00:00,4660.39,4661.24,4645.89,4653.58,18618,4,0
2026-04-06 21:00:00+00:00,4653.63,4666.46,4648.79,4658.24,16714,4,0
2026-04-06 22:00:00+00:00,4658.24,4659.35,4645.47,4655.41,12575,4,0
2026-04-07 01:00:00+00:00,4648.45,4667.86,4648.45,4658.36,8176,4,0
2026-04-07 02:00:00+00:00,4658.36,4661.16,4651.42,4658.82,7703,4,0
2026-04-07 03:00:00+00:00,4658.84,4661.4,4649.12,4654.83,14331,4,0
2026-04-07 04:00:00+00:00,4654.83,4664.41,4616.23,4626.97,28994,4,0
2026-04-07 05:00:00+00:00,4626.97,4653.95,4619.97,4650.56,16699,4,0
2026-04-07 06:00:00+00:00,4650.56,4654.14,4639.61,4649.82,13285,4,0
2026-04-07 07:00:00+00:00,4649.82,4664.12,4645.37,4659.71,11284,4,0
2026-04-07 08:00:00+00:00,4660.2,4661.55,4623.1,4642.93,17133,4,0
2026-04-07 09:00:00+00:00,4642.93,4656.56,4637.89,4653.5,18804,4,0
2026-04-07 10:00:00+00:00,4653.5,4657.15,4636.56,4645.9,16948,4,0
2026-04-07 11:00:00+00:00,4645.9,4690.81,4644.29,4682.86,24529,4,0
2026-04-07 12:00:00+00:00,4682.86,4694.49,4658.7,4670.94,20363,4,0
2026-04-07 13:00:00+00:00,4670.95,4680.69,4649.25,4652.19,22124,4,0
2026-04-07 14:00:00+00:00,4652.19,4664.17,4628.95,4659.79,19602,4,0
2026-04-07 15:00:00+00:00,4659.79,4671.04,4646.82,4651.64,21114,4,0
2026-04-07 16:00:00+00:00,4651.64,4663.05,4635.55,4644.05,29042,4,0
2026-04-07 17:00:00+00:00,4644.05,4661.43,4607.28,4633.1,35223,4,0
2026-04-07 18:00:00+00:00,4633.1,4659.4,4624.98,4655.56,28748,4,0
2026-04-07 19:00:00+00:00,4655.56,4668.42,4652.59,4657.08,24243,4,0
2026-04-07 20:00:00+00:00,4657.08,4686.61,4653.9,4676.05,24745,4,0
2026-04-07 21:00:00+00:00,4676.05,4686.32,4657.51,4662.21,20472,4,0
2026-04-07 22:00:00+00:00,4662.2,4718.64,4660.85,4700.71,36199,4,0
2026-04-08 01:00:00+00:00,4705.71,4819.64,4705.71,4818.17,26137,4,0
2026-04-08 02:00:00+00:00,4818.17,4836.25,4802.14,4833.42,26881,4,0
2026-04-08 03:00:00+00:00,4833.42,4857.71,4808.74,4817.87,28902,4,0
2026-04-08 04:00:00+00:00,4817.88,4825.37,4788.04,4810.2,33785,4,0
2026-04-08 05:00:00+00:00,4810.18,4825.27,4798.62,4804.02,18597,4,0
2026-04-08 06:00:00+00:00,4804.02,4805.81,4795.03,4797.57,17909,4,0
2026-04-08 07:00:00+00:00,4797.57,4806.52,4790.2,4803.6,15635,4,0
2026-04-08 08:00:00+00:00,4803.62,4843.82,4800.33,4827.53,18976,4,0
2026-04-08 09:00:00+00:00,4827.49,4839.81,4820.01,4820.09,21543,4,0
2026-04-08 10:00:00+00:00,4820.09,4821.21,4805.19,4813.44,17357,4,0
2026-04-08 11:00:00+00:00,4813.45,4819.95,4790.53,4793.86,18723,4,0
2026-04-08 12:00:00+00:00,4793.86,4806.67,4776.4,4783.28,18015,4,0
2026-04-08 13:00:00+00:00,4783.28,4796.14,4771.27,4782.63,16269,4,0
2026-04-08 14:00:00+00:00,4782.63,4802.72,4778.02,4798.46,22834,4,0
2026-04-08 15:00:00+00:00,4798.46,4807.19,4768.79,4799.67,25366,4,0
2026-04-08 16:00:00+00:00,4799.67,4806.7,4767.6,4777.73,33236,4,0
2026-04-08 17:00:00+00:00,4777.73,4791.95,4732.41,4736.35,37723,4,0
2026-04-08 18:00:00+00:00,4736.35,4763.16,4734.7,4756.52,28315,4,0
2026-04-08 19:00:00+00:00,4756.52,4765.62,4745.4,4760.51,22711,4,0
2026-04-08 20:00:00+00:00,4760.51,4764.41,4731.95,4734.06,23963,4,0
2026-04-08 21:00:00+00:00,4734.06,4744.49,4703.58,4705.18,31653,4,0
2026-04-08 22:00:00+00:00,4705.18,4731.87,4699.67,4730.63,24836,4,0
2026-04-09 01:00:00+00:00,4719.09,4732.42,4704.63,4717.68,11068,4,0
2026-04-09 02:00:00+00:00,4717.68,4720.0,4705.22,4715.77,11066,4,0
2026-04-09 03:00:00+00:00,4715.77,4719.14,4698.62,4706.77,16620,4,0
2026-04-09 04:00:00+00:00,4706.77,4728.17,4699.95,4727.29,21385,4,0
2026-04-09 05:00:00+00:00,4727.29,4732.93,4717.8,4719.06,15151,4,0
2026-04-09 06:00:00+00:00,4719.06,4720.42,4705.26,4711.52,13627,4,0
2026-04-09 07:00:00+00:00,4711.52,4725.38,4709.74,4721.13,10085,4,0
2026-04-09 08:00:00+00:00,4721.13,4726.63,4705.86,4713.19,15718,4,0
2026-04-09 09:00:00+00:00,4713.19,4725.41,4703.52,4712.56,17616,4,0
2026-04-09 10:00:00+00:00,4712.65,4731.45,4705.72,4724.47,20796,4,0
2026-04-09 11:00:00+00:00,4724.47,4733.32,4719.8,4726.23,15242,4,0
2026-04-09 12:00:00+00:00,4726.28,4733.38,4722.97,4729.25,14361,4,0
2026-04-09 13:00:00+00:00,4729.25,4746.79,4723.72,4741.1,15275,4,0
2026-04-09 14:00:00+00:00,4741.1,4757.57,4738.38,4756.62,14786,4,0
2026-04-09 15:00:00+00:00,4756.62,4759.68,4734.8,4745.93,19491,4,0
2026-04-09 16:00:00+00:00,4745.93,4777.22,4738.74,4764.49,27582,4,0
2026-04-09 17:00:00+00:00,4764.5,4776.35,4747.26,4768.63,27872,4,0
2026-04-09 18:00:00+00:00,4768.63,4798.03,4761.24,4792.79,30053,4,0
2026-04-09 19:00:00+00:00,4792.79,4800.97,4784.49,4788.89,21422,4,0
2026-04-09 20:00:00+00:00,4788.89,4801.22,4786.67,4797.87,17457,4,0
2026-04-09 21:00:00+00:00,4797.87,4798.16,4768.07,4772.16,21980,4,0
2026-04-09 22:00:00+00:00,4772.16,4782.6,4766.93,4768.85,18738,4,0
2026-04-10 01:00:00+00:00,4766.53,4780.19,4758.57,4764.18,7587,4,0
2026-04-10 02:00:00+00:00,4764.18,4764.24,4756.76,4763.7,8287,4,0
2026-04-10 03:00:00+00:00,4763.7,4763.73,4750.74,4762.74,13568,4,0
2026-04-10 04:00:00+00:00,4762.74,4777.16,4757.92,4764.52,18111,4,0
2026-04-10 05:00:00+00:00,4764.52,4765.41,4737.84,4753.03,17129,4,0
2026-04-10 06:00:00+00:00,4753.01,4769.64,4752.87,4766.53,13687,4,0
2026-04-10 07:00:00+00:00,4766.53,4770.79,4757.9,4758.55,7915,4,0
2026-04-10 08:00:00+00:00,4758.57,4769.18,4757.44,4765.89,11922,4,0
2026-04-10 09:00:00+00:00,4765.89,4765.89,4742.81,4746.36,17314,4,0
2026-04-10 10:00:00+00:00,4746.36,4757.61,4741.3,4749.61,15555,4,0
2026-04-10 11:00:00+00:00,4749.61,4753.3,4730.68,4740.77,17247,4,0
2026-04-10 12:00:00+00:00,4740.77,4760.84,4740.62,4751.54,17794,4,0
2026-04-10 13:00:00+00:00,4751.56,4760.73,4742.31,4757.3,14367,4,0
2026-04-10 14:00:00+00:00,4757.3,4768.82,4753.4,4768.13,14411,4,0
2026-04-10 15:00:00+00:00,4768.13,4782.3,4759.81,4771.83,24131,4,0
2026-04-10 16:00:00+00:00,4771.83,4780.21,4765.13,4775.11,25707,4,0
2026-04-10 17:00:00+00:00,4775.11,4795.03,4767.45,4774.63,27404,4,0
2026-04-10 18:00:00+00:00,4774.63,4787.26,4755.3,4762.25,25661,4,0
2026-04-10 19:00:00+00:00,4762.12,4766.14,4747.58,4763.84,21177,4,0
2026-04-10 20:00:00+00:00,4763.91,4768.67,4758.17,4760.37,16765,4,0
2026-04-10 21:00:00+00:00,4760.39,4773.16,4751.0,4765.24,16092,4,0
2026-04-10 22:00:00+00:00,4765.24,4770.46,4758.35,4759.74,15377,4,0
2026-04-13 01:00:00+00:00,4723.61,4723.61,4585.32,4659.08,20077,4,0
2026-04-13 02:00:00+00:00,4659.08,4671.92,4644.18,4671.35,14879,4,0
2026-04-13 03:00:00+00:00,4671.37,4698.52,4664.69,4695.64,18145,4,0
2026-04-13 04:00:00+00:00,4695.6,4728.09,4693.78,4721.26,23706,4,0
2026-04-13 05:00:00+00:00,4721.26,4727.84,4711.17,4720.48,16947,4,0
2026-04-13 06:00:00+00:00,4720.45,4723.97,4712.29,4718.14,13487,4,0
2026-04-13 07:00:00+00:00,4718.14,4724.99,4708.74,4723.12,10895,4,0
2026-04-13 08:00:00+00:00,4723.12,4730.78,4716.45,4729.46,14995,4,0
2026-04-13 09:00:00+00:00,4729.46,4732.8,4720.73,4725.69,17937,4,0
2026-04-13 10:00:00+00:00,4725.69,4740.03,4724.91,4733.74,17573,4,0
2026-04-13 11:00:00+00:00,4733.74,4738.65,4720.29,4723.35,17044,4,0
2026-04-13 12:00:00+00:00,4723.35,4728.51,4710.56,4714.61,16423,4,0
2026-04-13 13:00:00+00:00,4714.61,4723.97,4708.32,4722.26,14341,4,0
2026-04-13 14:00:00+00:00,4722.26,4729.12,4703.7,4706.79,18657,4,0
2026-04-13 15:00:00+00:00,4706.78,4725.19,4703.63,4723.55,20740,4,0
2026-04-13 16:00:00+00:00,4723.55,4744.72,4721.23,4730.81,29991,4,0
2026-04-13 17:00:00+00:00,4730.81,4731.3,4708.66,4719.14,27975,4,0
2026-04-13 18:00:00+00:00,4719.14,4719.87,4700.22,4714.55,24287,4,0
2026-04-13 19:00:00+00:00,4714.58,4746.22,4709.29,4733.08,26605,4,0
2026-04-13 20:00:00+00:00,4733.08,4750.12,4725.45,4729.92,20281,4,0
2026-04-13 21:00:00+00:00,4729.91,4740.75,4723.26,4738.38,16565,4,0
2026-04-13 22:00:00+00:00,4738.38,4747.46,4730.6,4741.16,17097,4,0
2026-04-14 01:00:00+00:00,4740.46,4759.52,4740.46,4757.99,9134,4,0
2026-04-14 02:00:00+00:00,4757.99,4765.93,4754.41,4757.68,10645,4,0
2026-04-14 03:00:00+00:00,4757.84,4775.82,4751.65,4769.86,16397,4,0
2026-04-14 04:00:00+00:00,4769.86,4776.96,4761.8,4764.81,21375,4,0
2026-04-14 05:00:00+00:00,4764.81,4777.18,4761.99,4775.06,15217,4,0
2026-04-14 06:00:00+00:00,4775.05,4775.57,4765.78,4768.03,11937,4,0
2026-04-14 07:00:00+00:00,4768.19,4777.03,4767.0,4774.17,8752,4,0
2026-04-14 08:00:00+00:00,4774.19,4774.36,4758.0,4760.06,15982,4,0
2026-04-14 09:00:00+00:00,4760.06,4783.04,4760.04,4782.23,17573,4,0
2026-04-14 10:00:00+00:00,4782.23,4796.35,4767.86,4777.14,22973,4,0
2026-04-14 11:00:00+00:00,4777.14,4789.98,4774.27,4786.74,18185,4,0
2026-04-14 12:00:00+00:00,4786.74,4789.34,4771.64,4778.32,16918,4,0
2026-04-14 13:00:00+00:00,4778.32,4788.02,4752.16,4768.4,17689,4,0
2026-04-14 14:00:00+00:00,4768.4,4783.06,4766.86,4774.97,18895,4,0
2026-04-14 15:00:00+00:00,4774.97,4777.62,4762.31,4771.36,22173,4,0
2026-04-14 16:00:00+00:00,4771.36,4803.49,4771.08,4794.67,29684,4,0
2026-04-14 17:00:00+00:00,4794.7,4818.0,4793.01,4803.85,33792,4,0
2026-04-14 18:00:00+00:00,4803.85,4816.21,4791.11,4808.13,26978,4,0
2026-04-14 19:00:00+00:00,4808.18,4820.45,4805.08,4810.23,20499,4,0
2026-04-14 20:00:00+00:00,4810.21,4841.44,4809.53,4835.09,21726,4,0
2026-04-14 21:00:00+00:00,4835.09,4843.38,4830.95,4835.65,20037,4,0
2026-04-14 22:00:00+00:00,4835.65,4846.31,4835.65,4844.9,20921,4,0
2026-04-15 01:00:00+00:00,4841.09,4850.64,4833.4,4835.12,10075,4,0
2026-04-15 02:00:00+00:00,4835.12,4844.12,4833.74,4837.16,12679,4,0
2026-04-15 03:00:00+00:00,4837.18,4840.16,4827.02,4835.42,15113,4,0
2026-04-15 04:00:00+00:00,4835.42,4871.42,4828.14,4847.11,26994,4,0
2026-04-15 05:00:00+00:00,4847.11,4853.52,4820.49,4823.95,21972,4,0
2026-04-15 06:00:00+00:00,4823.95,4829.58,4816.94,4823.98,14599,4,0
2026-04-15 07:00:00+00:00,4823.98,4827.77,4820.52,4824.97,10970,4,0
2026-04-15 08:00:00+00:00,4824.97,4830.39,4812.63,4819.91,20516,4,0
2026-04-15 09:00:00+00:00,4819.91,4824.9,4811.21,4811.67,21306,4,0
2026-04-15 10:00:00+00:00,4811.67,4816.98,4803.98,4811.15,21716,4,0
2026-04-15 11:00:00+00:00,4811.15,4821.33,4804.61,4818.44,20709,4,0
2026-04-15 12:00:00+00:00,4818.44,4819.57,4786.33,4798.15,22970,4,0
2026-04-15 13:00:00+00:00,4798.15,4805.26,4790.35,4799.98,20361,4,0
2026-04-15 14:00:00+00:00,4799.98,4814.98,4795.55,4812.66,18909,4,0
2026-04-15 15:00:00+00:00,4812.66,4816.2,4806.99,4811.63,18305,4,0
2026-04-15 16:00:00+00:00,4811.63,4830.26,4808.62,4828.94,30026,4,0
2026-04-15 17:00:00+00:00,4828.94,4830.63,4813.4,4815.57,27833,4,0
2026-04-15 18:00:00+00:00,4815.57,4816.18,4786.9,4801.63,28997,4,0
2026-04-15 19:00:00+00:00,4801.57,4812.64,4800.19,4803.9,19718,4,0
2026-04-15 20:00:00+00:00,4803.9,4808.75,4790.78,4792.55,18252,4,0
2026-04-15 21:00:00+00:00,4792.52,4802.17,4790.25,4799.79,18811,4,0
2026-04-15 22:00:00+00:00,4799.79,4803.46,4794.61,4795.81,17742,4,0
2026-04-16 01:00:00+00:00,4790.26,4811.96,4789.01,4807.56,8455,4,0
2026-04-16 02:00:00+00:00,4807.56,4826.73,4807.5,4823.4,9164,4,0
2026-04-16 03:00:00+00:00,4823.42,4837.59,4820.74,4833.11,13654,4,0
2026-04-16 04:00:00+00:00,4833.11,4836.41,4811.41,4818.01,18019,4,0
2026-04-16 05:00:00+00:00,4818.01,4825.16,4812.49,4819.69,14810,4,0
2026-04-16 06:00:00+00:00,4819.69,4827.1,4819.12,4824.0,11392,4,0
2026-04-16 07:00:00+00:00,4824.0,4833.46,4822.95,4833.08,8832,4,0
2026-04-16 08:00:00+00:00,4833.1,4838.38,4821.2,4821.32,14853,4,0
2026-04-16 09:00:00+00:00,4821.32,4830.55,4814.5,4826.08,19169,4,0
2026-04-16 10:00:00+00:00,4826.08,4830.97,4817.25,4821.11,17401,4,0
2026-04-16 11:00:00+00:00,4821.11,4822.06,4806.56,4813.96,17006,4,0
2026-04-16 12:00:00+00:00,4813.96,4818.09,4806.85,4812.89,15250,4,0
2026-04-16 13:00:00+00:00,4812.9,4817.32,4805.02,4817.24,16945,4,0
2026-04-16 14:00:00+00:00,4817.24,4822.53,4815.52,4822.15,16873,4,0
2026-04-16 15:00:00+00:00,4822.15,4823.36,4811.53,4816.27,18039,4,0
2026-04-16 16:00:00+00:00,4816.27,4824.0,4785.14,4794.84,29205,4,0
2026-04-16 17:00:00+00:00,4794.84,4805.32,4773.15,4788.77,34659,4,0
2026-04-16 18:00:00+00:00,4788.77,4812.99,4788.36,4806.96,28137,4,0
2026-04-16 19:00:00+00:00,4807.0,4810.09,4785.16,4791.98,22176,4,0
2026-04-16 20:00:00+00:00,4792.01,4795.45,4781.49,4789.19,21914,4,0
2026-04-16 21:00:00+00:00,4789.19,4794.3,4785.86,4789.56,21733,4,0
2026-04-16 22:00:00+00:00,4789.57,4798.63,4789.57,4793.67,16405,4,0
2026-04-17 01:00:00+00:00,4788.73,4798.01,4788.73,4795.28,7075,4,0
2026-04-17 02:00:00+00:00,4795.28,4797.78,4791.75,4791.76,7509,4,0
2026-04-17 03:00:00+00:00,4791.76,4801.29,4785.78,4794.86,12758,4,0
2026-04-17 04:00:00+00:00,4794.86,4795.62,4767.59,4789.55,22746,4,0
2026-04-17 05:00:00+00:00,4789.55,4794.78,4784.4,4784.52,13226,4,0
2026-04-17 06:00:00+00:00,4784.52,4798.07,4784.52,4793.29,11502,4,0
2026-04-17 07:00:00+00:00,4793.3,4804.51,4792.68,4803.03,7470,4,0
2026-04-17 08:00:00+00:00,4802.99,4806.28,4793.79,4794.24,14413,4,0
2026-04-17 09:00:00+00:00,4794.24,4795.25,4779.29,4785.06,16653,4,0
2026-04-17 10:00:00+00:00,4785.06,4794.76,4778.71,4784.36,16266,4,0
2026-04-17 11:00:00+00:00,4784.36,4796.89,4780.88,4795.93,14893,4,0
2026-04-17 12:00:00+00:00,4795.93,4800.9,4790.07,4790.37,14044,4,0
2026-04-17 13:00:00+00:00,4790.37,4793.94,4782.27,4787.36,13079,4,0
2026-04-17 14:00:00+00:00,4787.37,4811.85,4783.57,4799.12,15213,4,0
2026-04-17 15:00:00+00:00,4799.11,4847.65,4797.66,4846.36,29191,4,0
2026-04-17 16:00:00+00:00,4846.36,4889.64,4834.89,4880.3,44425,4,0
2026-04-17 17:00:00+00:00,4880.34,4885.48,4860.81,4872.94,30369,4,0
2026-04-17 18:00:00+00:00,4872.97,4880.54,4854.72,4867.55,27685,4,0
2026-04-17 19:00:00+00:00,4867.55,4873.51,4863.6,4866.97,18125,4,0
2026-04-17 20:00:00+00:00,4866.97,4869.57,4853.68,4862.63,20719,4,0
2026-04-17 21:00:00+00:00,4862.63,4868.1,4855.92,4858.26,18294,4,0
2026-04-17 22:00:00+00:00,4858.24,4861.28,4852.71,4854.44,16796,4,0
2026-04-20 01:00:00+00:00,4770.66,4795.3,4757.97,4779.37,20712,4,0
2026-04-20 02:00:00+00:00,4779.37,4779.45,4736.93,4755.1,20143,4,0
2026-04-20 03:00:00+00:00,4755.1,4774.3,4744.68,4772.48,20014,4,0
2026-04-20 04:00:00+00:00,4772.48,4814.44,4771.38,4807.74,26206,4,0
2026-04-20 05:00:00+00:00,4807.74,4809.08,4793.16,4797.36,16070,4,0
2026-04-20 06:00:00+00:00,4797.36,4798.44,4788.74,4790.83,12162,4,0
2026-04-20 07:00:00+00:00,4791.06,4795.65,4787.08,4788.81,8930,4,0
2026-04-20 08:00:00+00:00,4788.83,4796.05,4779.64,4790.81,17804,4,0
2026-04-20 09:00:00+00:00,4790.81,4795.41,4783.94,4795.41,18316,4,0
2026-04-20 10:00:00+00:00,4795.4,4805.74,4786.84,4789.72,19312,4,0
2026-04-20 11:00:00+00:00,4789.72,4796.21,4786.12,4796.17,14056,4,0
2026-04-20 12:00:00+00:00,4796.17,4797.87,4783.52,4791.65,14019,4,0
2026-04-20 13:00:00+00:00,4791.65,4800.99,4789.97,4795.81,11599,4,0
2026-04-20 14:00:00+00:00,4795.81,4810.83,4786.6,4810.49,16380,4,0
2026-04-20 15:00:00+00:00,4810.49,4822.08,4799.18,4803.45,23539,4,0
2026-04-20 16:00:00+00:00,4803.46,4826.29,4799.65,4817.94,29957,4,0
2026-04-20 17:00:00+00:00,4817.94,4827.61,4792.58,4805.38,32860,4,0
2026-04-20 18:00:00+00:00,4805.38,4809.49,4792.96,4799.68,29351,4,0
2026-04-20 19:00:00+00:00,4799.69,4806.36,4792.84,4805.53,17222,4,0
2026-04-20 20:00:00+00:00,4805.53,4812.16,4803.9,4806.74,16288,4,0
2026-04-20 21:00:00+00:00,4806.74,4816.57,4806.74,4814.08,18117,4,0
2026-04-20 22:00:00+00:00,4814.08,4821.38,4810.58,4814.3,13112,4,0
2026-04-21 01:00:00+00:00,4820.29,4833.24,4820.11,4827.62,11337,4,0
2026-04-21 02:00:00+00:00,4827.62,4831.7,4819.74,4821.74,7667,4,0
2026-04-21 03:00:00+00:00,4821.86,4830.75,4816.89,4823.97,15323,4,0
2026-04-21 04:00:00+00:00,4823.97,4824.59,4805.75,4810.22,17312,4,0
2026-04-21 05:00:00+00:00,4810.21,4810.42,4802.47,4806.86,13594,4,0
2026-04-21 06:00:00+00:00,4806.86,4807.7,4792.56,4797.12,13317,4,0
2026-04-21 07:00:00+00:00,4797.12,4797.78,4788.67,4789.11,9748,4,0
2026-04-21 08:00:00+00:00,4789.11,4797.0,4783.27,4784.18,14745,4,0
2026-04-21 09:00:00+00:00,4784.18,4790.64,4774.55,4778.77,19461,4,0
2026-04-21 10:00:00+00:00,4778.33,4792.62,4772.65,4786.03,16554,4,0
2026-04-21 11:00:00+00:00,4786.03,4793.1,4774.73,4785.95,16627,4,0
2026-04-21 12:00:00+00:00,4785.95,4789.65,4781.23,4783.72,14667,4,0
2026-04-21 13:00:00+00:00,4783.72,4790.47,4780.9,4789.79,12032,4,0
2026-04-21 14:00:00+00:00,4789.79,4797.95,4775.39,4794.66,17072,4,0
2026-04-21 15:00:00+00:00,4794.68,4796.98,4766.62,4778.72,23725,4,0
2026-04-21 16:00:00+00:00,4778.71,4794.39,4760.88,4779.22,32226,4,0
2026-04-21 17:00:00+00:00,4779.24,4782.58,4723.72,4739.04,38603,4,0
2026-04-21 18:00:00+00:00,4739.02,4757.61,4727.73,4741.56,35529,4,0
2026-04-21 19:00:00+00:00,4741.53,4746.96,4708.13,4711.08,32531,4,0
2026-04-21 20:00:00+00:00,4711.08,4722.17,4696.9,4710.98,35275,4,0
2026-04-21 21:00:00+00:00,4710.98,4714.65,4692.36,4709.25,33222,4,0
2026-04-21 22:00:00+00:00,4709.25,4715.12,4668.29,4679.43,30165,4,0
2026-04-22 01:00:00+00:00,4718.65,4728.95,4715.58,4719.62,9505,4,0
2026-04-22 02:00:00+00:00,4719.57,4740.56,4718.12,4738.09,10976,4,0
2026-04-22 03:00:00+00:00,4738.09,4747.47,4738.09,4739.84,14403,4,0
2026-04-22 04:00:00+00:00,4739.81,4754.67,4735.93,4752.23,18995,4,0
2026-04-22 05:00:00+00:00,4752.23,4758.77,4750.18,4755.75,12380,4,0
2026-04-22 06:00:00+00:00,4755.75,4765.05,4753.06,4758.25,11619,4,0
2026-04-22 07:00:00+00:00,4758.25,4759.7,4752.29,4754.6,9310,4,0
2026-04-22 08:00:00+00:00,4754.62,4772.07,4752.23,4767.73,16471,4,0
2026-04-22 09:00:00+00:00,4767.73,4767.83,4758.91,4767.69,13383,4,0
2026-04-22 10:00:00+00:00,4767.69,4772.35,4759.64,4760.71,14640,4,0
2026-04-22 11:00:00+00:00,4760.69,4762.31,4751.81,4757.02,15243,4,0
2026-04-22 12:00:00+00:00,4757.02,4762.48,4752.44,4755.17,14329,4,0
2026-04-22 13:00:00+00:00,4755.17,4760.17,4745.73,4759.23,14705,4,0
2026-04-22 14:00:00+00:00,4759.23,4760.79,4747.86,4750.34,14488,4,0
2026-04-22 15:00:00+00:00,4750.34,4760.11,4742.86,4744.22,18553,4,0
2026-04-22 16:00:00+00:00,4744.2,4760.98,4736.28,4752.96,31570,4,0
2026-04-22 17:00:00+00:00,4752.81,4757.48,4729.91,4736.05,29852,4,0
2026-04-22 18:00:00+00:00,4736.03,4740.16,4724.95,4727.66,24463,4,0
2026-04-22 19:00:00+00:00,4727.66,4734.97,4723.73,4728.68,18981,4,0
2026-04-22 20:00:00+00:00,4728.75,4739.58,4728.53,4737.17,17227,4,0
2026-04-22 21:00:00+00:00,4737.17,4749.36,4729.88,4741.72,15187,4,0
2026-04-22 22:00:00+00:00,4741.74,4745.35,4736.87,4740.12,15814,4,0
2026-04-23 01:00:00+00:00,4739.42,4745.71,4725.7,4726.0,7508,4,0
2026-04-23 02:00:00+00:00,4726.0,4729.87,4723.41,4727.87,8428,4,0
2026-04-23 03:00:00+00:00,4727.89,4753.62,4694.14,4747.88,29194,4,0
2026-04-23 04:00:00+00:00,4747.87,4749.96,4722.52,4723.48,22751,4,0
2026-04-23 05:00:00+00:00,4723.48,4724.72,4698.19,4698.89,24902,4,0
2026-04-23 06:00:00+00:00,4698.89,4708.66,4698.15,4703.95,18220,4,0
2026-04-23 07:00:00+00:00,4703.95,4707.06,4698.69,4704.48,10873,4,0
2026-04-23 08:00:00+00:00,4704.5,4715.32,4692.6,4713.46,17860,4,0
2026-04-23 09:00:00+00:00,4713.46,4721.18,4708.69,4712.97,17206,4,0
2026-04-23 10:00:00+00:00,4712.96,4720.64,4702.99,4719.11,18580,4,0
2026-04-23 11:00:00+00:00,4719.11,4724.78,4701.59,4703.3,17478,4,0
2026-04-23 12:00:00+00:00,4703.3,4703.65,4694.76,4697.54,17610,4,0
2026-04-23 13:00:00+00:00,4697.54,4701.68,4684.31,4696.58,19007,4,0
2026-04-23 14:00:00+00:00,4696.58,4720.92,4695.63,4720.65,18772,4,0
2026-04-23 15:00:00+00:00,4720.69,4743.13,4719.73,4740.22,27623,4,0
2026-04-23 16:00:00+00:00,4740.22,4741.24,4724.06,4724.4,27233,4,0
2026-04-23 17:00:00+00:00,4724.4,4736.82,4717.01,4733.65,29452,4,0
2026-04-23 18:00:00+00:00,4733.65,4740.89,4716.38,4720.67,24326,4,0
2026-04-23 19:00:00+00:00,4720.67,4737.16,4715.56,4732.95,18921,4,0
2026-04-23 20:00:00+00:00,4732.95,4734.54,4664.33,4709.31,42641,4,0
2026-04-23 21:00:00+00:00,4709.32,4722.32,4699.26,4701.1,26813,4,0
2026-04-23 22:00:00+00:00,4701.1,4704.56,4689.39,4696.13,24653,4,0
2026-04-24 01:00:00+00:00,4694.05,4702.05,4689.98,4693.2,8025,4,0
2026-04-24 02:00:00+00:00,4693.13,4700.77,4686.73,4695.43,11157,4,0
2026-04-24 03:00:00+00:00,4695.43,4707.85,4690.91,4704.62,18690,4,0
2026-04-24 04:00:00+00:00,4704.61,4711.05,4690.29,4699.59,23072,4,0
2026-04-24 05:00:00+00:00,4699.6,4700.73,4673.14,4676.72,20478,4,0
2026-04-24 06:00:00+00:00,4676.72,4678.32,4668.67,4672.16,17105,4,0
2026-04-24 07:00:00+00:00,4672.14,4676.86,4657.74,4674.49,15278,4,0
2026-04-24 08:00:00+00:00,4674.51,4687.36,4669.67,4686.41,16309,4,0
2026-04-24 09:00:00+00:00,4686.41,4688.08,4666.76,4671.83,18258,4,0
2026-04-24 10:00:00+00:00,4671.83,4695.32,4671.04,4694.53,14343,4,0
2026-04-24 11:00:00+00:00,4694.53,4697.4,4685.1,4690.83,16708,4,0
2026-04-24 12:00:00+00:00,4690.83,4696.75,4679.28,4682.11,16177,4,0
2026-04-24 13:00:00+00:00,4682.11,4686.19,4674.56,4677.78,14142,4,0
2026-04-24 14:00:00+00:00,4677.78,4717.24,4677.73,4706.88,27274,4,0
2026-04-24 15:00:00+00:00,4706.91,4711.76,4690.39,4700.73,22522,4,0
2026-04-24 16:00:00+00:00,4700.96,4717.51,4689.68,4711.65,27254,4,0
2026-04-24 17:00:00+00:00,4711.65,4740.29,4706.82,4726.39,33652,4,0
2026-04-24 18:00:00+00:00,4726.39,4733.6,4714.74,4727.09,27869,4,0
2026-04-24 19:00:00+00:00,4727.09,4729.69,4719.04,4726.89,22429,4,0
2026-04-24 20:00:00+00:00,4726.89,4730.13,4718.94,4723.34,20212,4,0
2026-04-24 21:00:00+00:00,4723.34,4724.79,4716.61,4722.69,16202,4,0
2026-04-24 22:00:00+00:00,4722.7,4726.06,4713.66,4716.45,16445,4,0
2026-04-27 01:00:00+00:00,4698.27,4699.83,4679.96,4684.69,12650,4,0
2026-04-27 02:00:00+00:00,4684.69,4684.89,4674.81,4679.96,11059,4,0
2026-04-27 03:00:00+00:00,4679.96,4698.2,4672.06,4697.77,16162,4,0
2026-04-27 04:00:00+00:00,4697.78,4709.69,4690.81,4702.74,23918,4,0
2026-04-27 05:00:00+00:00,4702.74,4723.5,4696.24,4718.29,17309,4,0
2026-04-27 06:00:00+00:00,4718.21,4729.44,4714.49,4724.17,13887,4,0
2026-04-27 07:00:00+00:00,4724.17,4730.11,4722.78,4725.02,9736,4,0
2026-04-27 08:00:00+00:00,4725.04,4725.53,4708.8,4710.03,15717,4,0
2026-04-27 09:00:00+00:00,4710.04,4715.64,4709.24,4712.83,17600,4,0
2026-04-27 10:00:00+00:00,4712.85,4718.4,4710.07,4713.37,16770,4,0
2026-04-27 11:00:00+00:00,4713.37,4714.77,4705.32,4706.82,16119,4,0
2026-04-27 12:00:00+00:00,4706.87,4708.29,4699.55,4703.6,12582,4,0
2026-04-27 13:00:00+00:00,4703.62,4710.94,4699.5,4708.78,12194,4,0
2026-04-27 14:00:00+00:00,4708.82,4709.13,4700.13,4704.81,14136,4,0
2026-04-27 15:00:00+00:00,4704.82,4712.64,4696.92,4699.21,19250,4,0
2026-04-27 16:00:00+00:00,4699.36,4703.46,4689.31,4696.18,26119,4,0
2026-04-27 17:00:00+00:00,4696.18,4696.74,4676.55,4678.08,28737,4,0
2026-04-27 18:00:00+00:00,4678.08,4682.55,4667.23,4670.04,25810,4,0
2026-04-27 19:00:00+00:00,4670.04,4679.51,4667.22,4676.69,16615,4,0
2026-04-27 20:00:00+00:00,4676.69,4686.16,4668.19,4682.21,18696,4,0
2026-04-27 21:00:00+00:00,4682.21,4685.47,4678.97,4680.69,14609,4,0
2026-04-27 22:00:00+00:00,4680.69,4682.69,4676.67,4680.86,15141,4,0
2026-04-28 01:00:00+00:00,4681.69,4691.21,4681.29,4687.93,6359,4,0
2026-04-28 02:00:00+00:00,4687.93,4695.0,4687.25,4691.87,6988,4,0
2026-04-28 03:00:00+00:00,4691.89,4701.24,4690.44,4690.54,13588,4,0
2026-04-28 04:00:00+00:00,4690.54,4691.46,4669.49,4670.69,18856,4,0
2026-04-28 05:00:00+00:00,4670.69,4679.81,4666.44,4669.13,16692,4,0
2026-04-28 06:00:00+00:00,4669.13,4675.81,4668.47,4670.89,11942,4,0
2026-04-28 07:00:00+00:00,4670.89,4671.24,4666.56,4667.62,9710,4,0
2026-04-28 08:00:00+00:00,4667.64,4668.01,4623.88,4632.21,24351,4,0
2026-04-28 09:00:00+00:00,4632.21,4642.96,4623.23,4628.99,21450,4,0
2026-04-28 10:00:00+00:00,4628.99,4639.45,4620.45,4633.28,19306,4,0
2026-04-28 11:00:00+00:00,4633.28,4635.49,4614.73,4629.69,20697,4,0
2026-04-28 12:00:00+00:00,4629.69,4630.03,4604.58,4604.87,20054,4,0
2026-04-28 13:00:00+00:00,4604.87,4616.49,4603.07,4603.2,17585,4,0
2026-04-28 14:00:00+00:00,4603.2,4608.73,4555.49,4562.55,27930,4,0
2026-04-28 15:00:00+00:00,4562.55,4600.16,4554.83,4593.78,28044,4,0
2026-04-28 16:00:00+00:00,4593.78,4594.67,4570.82,4580.2,30321,4,0
2026-04-28 17:00:00+00:00,4580.23,4580.61,4557.29,4574.44,38556,4,0
2026-04-28 18:00:00+00:00,4574.44,4586.57,4567.01,4586.57,28588,4,0
2026-04-28 19:00:00+00:00,4586.57,4594.75,4577.84,4592.23,22844,4,0
2026-04-28 20:00:00+00:00,4592.23,4601.51,4587.19,4594.73,19813,4,0
2026-04-28 21:00:00+00:00,4594.73,4600.49,4592.0,4594.26,14595,4,0
2026-04-28 22:00:00+00:00,4594.26,4599.93,4593.36,4595.67,12490,4,0
2026-04-29 01:00:00+00:00,4596.54,4599.6,4592.38,4594.08,4845,4,0
2026-04-29 02:00:00+00:00,4594.08,4596.21,4587.9,4595.65,7421,4,0
2026-04-29 03:00:00+00:00,4595.68,4610.25,4594.95,4600.15,15389,4,0
2026-04-29 04:00:00+00:00,4600.15,4600.38,4575.99,4584.79,23538,4,0
2026-04-29 05:00:00+00:00,4584.79,4604.27,4584.79,4593.66,17911,4,0
2026-04-29 06:00:00+00:00,4593.65,4603.36,4592.2,4595.45,12769,4,0
2026-04-29 07:00:00+00:00,4595.46,4605.61,4595.28,4604.76,9953,4,0
2026-04-29 08:00:00+00:00,4604.78,4607.73,4590.83,4591.1,13522,4,0
2026-04-29 09:00:00+00:00,4591.1,4598.68,4580.99,4584.51,18284,4,0
2026-04-29 10:00:00+00:00,4584.51,4588.91,4567.29,4567.83,20484,4,0
2026-04-29 11:00:00+00:00,4567.99,4576.73,4557.19,4573.13,20577,4,0
2026-04-29 12:00:00+00:00,4573.13,4580.86,4551.51,4555.67,19224,4,0
2026-04-29 13:00:00+00:00,4555.67,4576.6,4555.02,4569.81,16770,4,0
2026-04-29 14:00:00+00:00,4569.83,4571.99,4559.3,4561.55,17101,4,0
2026-04-29 15:00:00+00:00,4561.55,4569.11,4541.9,4544.91,20960,4,0
2026-04-29 16:00:00+00:00,4544.91,4553.34,4510.02,4521.83,31366,4,0
2026-04-29 17:00:00+00:00,4521.82,4542.75,4517.86,4539.26,28643,4,0
2026-04-29 18:00:00+00:00,4539.26,4558.95,4536.29,4547.65,27653,4,0
2026-04-29 19:00:00+00:00,4547.58,4564.85,4543.28,4545.46,28317,4,0
2026-04-29 20:00:00+00:00,4545.46,4554.54,4541.63,4547.3,20988,4,0
2026-04-29 21:00:00+00:00,4547.3,4552.8,4518.33,4538.23,35240,4,0
2026-04-29 22:00:00+00:00,4538.2,4550.66,4533.19,4546.81,23009,4,0
2026-04-30 01:00:00+00:00,4543.54,4552.75,4539.04,4552.12,9532,4,0
2026-04-30 02:00:00+00:00,4552.12,4562.07,4549.67,4561.71,10810,4,0
2026-04-30 03:00:00+00:00,4561.72,4574.12,4556.39,4569.86,20694,4,0
2026-04-30 04:00:00+00:00,4569.86,4582.57,4564.59,4579.29,22000,4,0
2026-04-30 05:00:00+00:00,4579.29,4581.92,4559.82,4564.91,20580,4,0
2026-04-30 06:00:00+00:00,4564.91,4569.07,4555.66,4556.01,16584,4,0
2026-04-30 07:00:00+00:00,4556.01,4556.99,4540.93,4542.11,17593,4,0
2026-04-30 08:00:00+00:00,4542.13,4569.75,4541.97,4562.67,18327,4,0
2026-04-30 09:00:00+00:00,4562.67,4591.49,4560.31,4589.54,21083,4,0
2026-04-30 10:00:00+00:00,4589.54,4605.49,4584.96,4598.46,21707,4,0
2026-04-30 11:00:00+00:00,4598.47,4629.56,4597.32,4616.38,27410,4,0
2026-04-30 12:00:00+00:00,4616.38,4631.83,4614.3,4625.21,25982,4,0
2026-04-30 13:00:00+00:00,4625.23,4646.89,4623.82,4639.67,25105,4,0
2026-04-30 14:00:00+00:00,4639.67,4645.83,4626.82,4630.12,32344,4,0
2026-04-30 15:00:00+00:00,4630.12,4640.08,4624.56,4639.58,30498,4,0
2026-04-30 16:00:00+00:00,4639.61,4646.1,4610.62,4610.94,32138,4,0
2026-04-30 17:00:00+00:00,4610.69,4626.02,4609.41,4619.68,33398,4,0
2026-04-30 18:00:00+00:00,4619.68,4625.47,4611.31,4615.31,31198,4,0
2026-04-30 19:00:00+00:00,4615.27,4617.7,4605.36,4607.6,23953,4,0
2026-04-30 20:00:00+00:00,4607.65,4621.68,4607.62,4616.84,26766,4,0
2026-04-30 21:00:00+00:00,4616.87,4625.22,4616.75,4622.44,18318,4,0
2026-04-30 22:00:00+00:00,4622.44,4627.56,4614.57,4616.92,19327,4,0
2026-05-01 01:00:00+00:00,4621.94,4632.77,4621.94,4630.3,7586,4,0
2026-05-01 02:00:00+00:00,4630.3,4634.03,4626.33,4626.46,8945,4,0
2026-05-01 03:00:00+00:00,4626.46,4631.02,4618.41,4619.64,15277,4,0
2026-05-01 04:00:00+00:00,4619.7,4622.18,4613.85,4620.91,12284,4,0
2026-05-01 05:00:00+00:00,4620.9,4636.01,4616.54,4619.12,11360,4,0
2026-05-01 06:00:00+00:00,4619.12,4631.93,4617.72,4626.7,9758,4,0
2026-05-01 07:00:00+00:00,4626.7,4628.87,4609.17,4609.17,10481,4,0
2026-05-01 08:00:00+00:00,4609.19,4616.19,4602.79,4604.94,11050,4,0
2026-05-01 09:00:00+00:00,4604.93,4607.85,4590.83,4594.81,14300,4,0
2026-05-01 10:00:00+00:00,4594.81,4598.07,4575.9,4578.2,16214,4,0
2026-05-01 11:00:00+00:00,4578.19,4582.54,4565.11,4568.82,14256,4,0
2026-05-01 12:00:00+00:00,4569.07,4572.98,4560.1,4562.73,12202,4,0
2026-05-01 13:00:00+00:00,4562.67,4576.02,4561.41,4566.88,10652,4,0
2026-05-01 14:00:00+00:00,4566.88,4579.6,4562.55,4578.69,13328,4,0
2026-05-01 15:00:00+00:00,4578.69,4607.75,4574.9,4591.21,20046,4,0
2026-05-01 16:00:00+00:00,4591.19,4628.91,4586.52,4625.92,23224,4,0
2026-05-01 17:00:00+00:00,4625.9,4660.16,4624.97,4632.1,32571,4,0
2026-05-01 18:00:00+00:00,4632.1,4648.31,4619.14,4643.25,24028,4,0
2026-05-01 19:00:00+00:00,4643.25,4650.1,4633.98,4638.97,21039,4,0
2026-05-01 20:00:00+00:00,4638.97,4642.78,4626.83,4629.5,14926,4,0
2026-05-01 21:00:00+00:00,4629.5,4630.71,4613.63,4624.31,17849,4,0
2026-05-01 22:00:00+00:00,4624.33,4627.7,4608.7,4610.82,16017,4,0
2026-05-04 01:00:00+00:00,4627.14,4629.4,4612.58,4618.8,10725,4,0
2026-05-04 02:00:00+00:00,4618.8,4620.85,4611.3,4613.88,10802,4,0
2026-05-04 03:00:00+00:00,4613.88,4616.56,4601.92,4613.03,17485,4,0
2026-05-04 04:00:00+00:00,4613.03,4614.02,4592.64,4613.1,16747,4,0
2026-05-04 05:00:00+00:00,4613.1,4618.68,4591.14,4605.89,16214,4,0
2026-05-04 06:00:00+00:00,4605.89,4617.19,4598.47,4615.0,15301,4,0
2026-05-04 07:00:00+00:00,4615.06,4615.4,4605.15,4605.95,12007,4,0
2026-05-04 08:00:00+00:00,4605.97,4613.19,4592.33,4599.07,16377,4,0
2026-05-04 09:00:00+00:00,4599.07,4600.74,4583.68,4588.64,17665,4,0
2026-05-04 10:00:00+00:00,4588.64,4593.4,4577.93,4578.96,17155,4,0
2026-05-04 11:00:00+00:00,4578.96,4581.41,4573.82,4577.01,17603,4,0
2026-05-04 12:00:00+00:00,4576.94,4584.53,4572.33,4575.42,12690,4,0
2026-05-04 13:00:00+00:00,4575.42,4575.85,4527.28,4562.66,30576,4,0
2026-05-04 14:00:00+00:00,4562.66,4570.79,4551.43,4560.64,20486,4,0
2026-05-04 15:00:00+00:00,4560.64,4579.32,4559.24,4568.34,21224,4,0
2026-05-04 16:00:00+00:00,4568.34,4575.63,4555.55,4564.07,28817,4,0
2026-05-04 17:00:00+00:00,4564.07,4583.27,4553.58,4561.5,28417,4,0
2026-05-04 18:00:00+00:00,4561.5,4566.08,4512.55,4521.57,36259,4,0
2026-05-04 19:00:00+00:00,4521.57,4526.88,4500.98,4510.72,31701,4,0
2026-05-04 20:00:00+00:00,4510.72,4531.68,4510.69,4522.41,22952,4,0
2026-05-04 21:00:00+00:00,4522.41,4525.43,4509.85,4516.33,17344,4,0
2026-05-04 22:00:00+00:00,4516.33,4527.15,4511.34,4517.81,20215,4,0
2026-05-05 01:00:00+00:00,4523.49,4524.32,4515.68,4517.53,5053,4,0
2026-05-05 02:00:00+00:00,4517.53,4521.64,4516.22,4519.01,5884,4,0
2026-05-05 03:00:00+00:00,4519.01,4530.5,4513.6,4530.03,14521,4,0
2026-05-05 04:00:00+00:00,4529.91,4542.09,4525.46,4540.89,15819,4,0
2026-05-05 05:00:00+00:00,4540.89,4546.69,4534.64,4539.04,11972,4,0
2026-05-05 06:00:00+00:00,4539.04,4542.73,4532.34,4534.56,9418,4,0
2026-05-05 07:00:00+00:00,4534.56,4536.61,4527.99,4533.7,10107,4,0
2026-05-05 08:00:00+00:00,4533.72,4551.76,4531.46,4545.66,15074,4,0
2026-05-05 09:00:00+00:00,4545.68,4552.01,4533.7,4548.09,15884,4,0
2026-05-05 10:00:00+00:00,4548.09,4558.31,4543.32,4545.52,16975,4,0
2026-05-05 11:00:00+00:00,4545.52,4559.69,4545.45,4558.54,16925,4,0
2026-05-05 12:00:00+00:00,4558.54,4560.45,4551.02,4556.27,14340,4,0
2026-05-05 13:00:00+00:00,4556.25,4556.9,4540.22,4543.75,14270,4,0
2026-05-05 14:00:00+00:00,4543.76,4564.96,4539.82,4562.8,17974,4,0
2026-05-05 15:00:00+00:00,4562.81,4574.62,4554.17,4564.55,20661,4,0
2026-05-05 16:00:00+00:00,4564.51,4585.12,4564.28,4579.42,22777,4,0
2026-05-05 17:00:00+00:00,4579.42,4586.78,4565.88,4582.39,25513,4,0
2026-05-05 18:00:00+00:00,4582.39,4583.9,4568.32,4568.51,19876,4,0
2026-05-05 19:00:00+00:00,4568.51,4569.02,4553.67,4561.18,17854,4,0
2026-05-05 20:00:00+00:00,4561.19,4562.74,4553.16,4559.81,15208,4,0
2026-05-05 21:00:00+00:00,4559.81,4565.76,4557.66,4561.06,12437,4,0
2026-05-05 22:00:00+00:00,4561.06,4561.55,4551.59,4554.74,11659,4,0
2026-05-06 01:00:00+00:00,4556.42,4577.42,4546.14,4573.37,8925,4,0
2026-05-06 02:00:00+00:00,4573.37,4595.72,4569.54,4593.98,15987,4,0
2026-05-06 03:00:00+00:00,4594.0,4620.03,4588.14,4618.79,18136,4,0
2026-05-06 04:00:00+00:00,4618.61,4628.78,4609.48,4626.02,20564,4,0
2026-05-06 05:00:00+00:00,4626.02,4641.79,4625.3,4640.67,15137,4,0
2026-05-06 06:00:00+00:00,4640.67,4652.0,4638.56,4643.6,13949,4,0
2026-05-06 07:00:00+00:00,4643.6,4653.68,4643.43,4648.97,12330,4,0
2026-05-06 08:00:00+00:00,4648.99,4663.92,4644.55,4662.89,14207,4,0
2026-05-06 09:00:00+00:00,4662.89,4669.5,4657.18,4669.31,17406,4,0
2026-05-06 10:00:00+00:00,4669.33,4681.8,4657.46,4681.57,16766,4,0
2026-05-06 11:00:00+00:00,4681.48,4702.51,4671.6,4700.02,21507,4,0
2026-05-06 12:00:00+00:00,4700.3,4708.52,4689.11,4701.78,22538,4,0
2026-05-06 13:00:00+00:00,4701.76,4722.87,4695.5,4717.94,22744,4,0
2026-05-06 14:00:00+00:00,4717.94,4721.16,4690.81,4692.17,24185,4,0
2026-05-06 15:00:00+00:00,4692.17,4693.01,4660.26,4683.34,27250,4,0
2026-05-06 16:00:00+00:00,4683.34,4707.75,4668.73,4702.15,30633,4,0
2026-05-06 17:00:00+00:00,4702.15,4717.62,4697.62,4703.07,29979,4,0
2026-05-06 18:00:00+00:00,4703.07,4705.87,4687.69,4687.69,22698,4,0
2026-05-06 19:00:00+00:00,4687.62,4692.1,4679.48,4683.07,20796,4,0
2026-05-06 20:00:00+00:00,4683.07,4688.04,4678.94,4684.09,16340,4,0
2026-05-06 21:00:00+00:00,4684.11,4690.5,4681.95,4686.06,12016,4,0
2026-05-06 22:00:00+00:00,4686.06,4700.13,4686.02,4692.51,14463,4,0
2026-05-07 01:00:00+00:00,4690.61,4699.88,4677.09,4694.88,7195,4,0
2026-05-07 02:00:00+00:00,4694.88,4699.54,4690.26,4698.89,8530,4,0
2026-05-07 03:00:00+00:00,4698.91,4701.12,4685.56,4688.71,18420,4,0
2026-05-07 04:00:00+00:00,4688.71,4721.28,4685.21,4714.75,22716,4,0
2026-05-07 05:00:00+00:00,4714.75,4718.48,4699.93,4707.18,16983,4,0
2026-05-07 06:00:00+00:00,4707.18,4709.98,4698.89,4699.19,12339,4,0
2026-05-07 07:00:00+00:00,4699.19,4700.89,4692.4,4696.37,11528,4,0
2026-05-07 08:00:00+00:00,4696.39,4706.57,4694.81,4701.12,14061,4,0
2026-05-07 09:00:00+00:00,4701.12,4750.27,4701.08,4739.15,21779,4,0
2026-05-07 10:00:00+00:00,4739.15,4750.73,4731.67,4743.15,24143,4,0
2026-05-07 11:00:00+00:00,4743.15,4753.48,4730.99,4731.18,20695,4,0
2026-05-07 12:00:00+00:00,4731.18,4739.45,4721.81,4729.06,18488,4,0
2026-05-07 13:00:00+00:00,4729.06,4739.78,4726.62,4735.68,16284,4,0
2026-05-07 14:00:00+00:00,4735.9,4743.59,4727.25,4742.78,19107,4,0
2026-05-07 15:00:00+00:00,4742.78,4752.78,4733.38,4749.99,24032,4,0
2026-05-07 16:00:00+00:00,4749.99,4758.39,4731.21,4746.29,30198,4,0
2026-05-07 17:00:00+00:00,4746.29,4763.36,4741.04,4762.71,30576,4,0
2026-05-07 18:00:00+00:00,4762.71,4764.81,4726.4,4729.25,28413,4,0
2026-05-07 19:00:00+00:00,4729.25,4729.73,4704.44,4714.96,30488,4,0
2026-05-07 20:00:00+00:00,4714.96,4719.61,4687.61,4711.48,30963,4,0
2026-05-07 21:00:00+00:00,4711.48,4716.11,4695.52,4709.78,24274,4,0
2026-05-07 22:00:00+00:00,4709.76,4713.01,4697.82,4703.08,22756,4,0
2026-05-08 01:00:00+00:00,4684.91,4699.4,4678.29,4685.87,12361,4,0
2026-05-08 02:00:00+00:00,4685.87,4705.49,4684.55,4704.23,9908,4,0
2026-05-08 03:00:00+00:00,4704.23,4709.61,4693.94,4701.36,17969,4,0
2026-05-08 04:00:00+00:00,4701.35,4725.42,4700.63,4722.87,19928,4,0
2026-05-08 05:00:00+00:00,4722.87,4732.78,4707.02,4713.24,19466,4,0
2026-05-08 06:00:00+00:00,4713.24,4731.1,4711.06,4719.6,13983,4,0
2026-05-08 07:00:00+00:00,4719.61,4723.27,4709.1,4711.02,12832,4,0
2026-05-08 08:00:00+00:00,4711.03,4731.36,4709.71,4727.6,15909,4,0
2026-05-08 09:00:00+00:00,4727.6,4734.71,4712.67,4725.73,21353,4,0
2026-05-08 10:00:00+00:00,4725.71,4726.49,4697.42,4708.0,21818,4,0
2026-05-08 11:00:00+00:00,4708.0,4723.5,4706.7,4715.85,17654,4,0
2026-05-08 12:00:00+00:00,4715.85,4722.86,4707.44,4711.89,16596,4,0
2026-05-08 13:00:00+00:00,4711.89,4727.89,4711.14,4719.83,15097,4,0
2026-05-08 14:00:00+00:00,4719.83,4727.33,4713.6,4717.74,17112,4,0
2026-05-08 15:00:00+00:00,4717.72,4732.15,4702.79,4724.39,27783,4,0
2026-05-08 16:00:00+00:00,4724.39,4747.99,4716.67,4747.99,31416,4,0
2026-05-08 17:00:00+00:00,4747.99,4749.51,4713.3,4715.93,34402,4,0
2026-05-08 18:00:00+00:00,4715.86,4720.98,4701.91,4707.03,26769,4,0
2026-05-08 19:00:00+00:00,4707.04,4720.22,4705.46,4712.4,19261,4,0
2026-05-08 20:00:00+00:00,4712.4,4722.76,4712.15,4720.82,15304,4,0
2026-05-08 21:00:00+00:00,4720.83,4728.99,4719.92,4721.91,16060,4,0
2026-05-08 22:00:00+00:00,4721.91,4726.83,4721.01,4724.01,13264,4,0
2026-05-11 01:00:00+00:00,4693.11,4701.37,4678.03,4691.83,13086,4,0
2026-05-11 02:00:00+00:00,4691.83,4698.54,4688.83,4691.55,10791,4,0
2026-05-11 03:00:00+00:00,4691.58,4693.35,4670.27,4683.45,20186,4,0
2026-05-11 04:00:00+00:00,4683.45,4705.52,4674.72,4685.7,26073,4,0
2026-05-11 05:00:00+00:00,4685.69,4700.29,4676.51,4681.7,20021,4,0
2026-05-11 06:00:00+00:00,4681.69,4690.43,4675.09,4678.7,15198,4,0
2026-05-11 07:00:00+00:00,4678.71,4679.91,4668.45,4672.1,13114,4,0
2026-05-11 08:00:00+00:00,4672.12,4680.75,4648.14,4652.28,19095,4,0
2026-05-11 09:00:00+00:00,4652.28,4680.45,4649.22,4678.4,19797,4,0
2026-05-11 10:00:00+00:00,4678.4,4680.34,4664.36,4667.81,15191,4,0
2026-05-11 11:00:00+00:00,4667.81,4678.75,4664.21,4667.52,16625,4,0
2026-05-11 12:00:00+00:00,4667.52,4669.94,4650.6,4656.8,15126,4,0
2026-05-11 13:00:00+00:00,4656.8,4667.49,4656.35,4663.95,13921,4,0
2026-05-11 14:00:00+00:00,4663.95,4677.35,4663.95,4674.51,15411,4,0
2026-05-11 15:00:00+00:00,4674.51,4701.13,4667.49,4699.99,24424,4,0
2026-05-11 16:00:00+00:00,4699.99,4748.62,4698.67,4736.29,34033,4,0
2026-05-11 17:00:00+00:00,4736.29,4738.54,4715.4,4725.55,28471,4,0
2026-05-11 18:00:00+00:00,4725.55,4738.23,4722.86,4732.12,22656,4,0
2026-05-11 19:00:00+00:00,4732.24,4733.49,4708.08,4716.52,18523,4,0
2026-05-11 20:00:00+00:00,4716.52,4724.6,4715.92,4723.68,15701,4,0
2026-05-11 21:00:00+00:00,4723.62,4729.39,4721.07,4724.96,13557,4,0
2026-05-11 22:00:00+00:00,4724.96,4736.17,4722.45,4733.57,14250,4,0
2026-05-12 01:00:00+00:00,4735.66,4755.1,4735.18,4750.87,9386,4,0
2026-05-12 02:00:00+00:00,4750.87,4769.77,4746.11,4767.31,13736,4,0
2026-05-12 03:00:00+00:00,4767.31,4773.42,4748.63,4749.31,18961,4,0
2026-05-12 04:00:00+00:00,4749.18,4755.51,4720.28,4727.12,26880,4,0
2026-05-12 05:00:00+00:00,4727.12,4733.95,4722.27,4730.06,19813,4,0
2026-05-12 06:00:00+00:00,4730.01,4733.26,4718.13,4720.2,15301,4,0
2026-05-12 07:00:00+00:00,4720.17,4730.4,4711.36,4714.2,13786,4,0
2026-05-12 08:00:00+00:00,4714.2,4722.09,4708.63,4714.32,19176,4,0
2026-05-12 09:00:00+00:00,4714.32,4714.46,4694.43,4696.99,23253,4,0
2026-05-12 10:00:00+00:00,4696.99,4703.8,4686.83,4699.88,19576,4,0
2026-05-12 11:00:00+00:00,4699.88,4706.81,4697.11,4703.44,15846,4,0
2026-05-12 12:00:00+00:00,4703.45,4705.34,4694.28,4699.5,15997,4,0
2026-05-12 13:00:00+00:00,4699.47,4708.4,4685.17,4694.43,16528,4,0
2026-05-12 14:00:00+00:00,4694.43,4709.21,4687.19,4706.7,18028,4,0
2026-05-12 15:00:00+00:00,4706.7,4711.85,4689.61,4705.77,23772,4,0
2026-05-12 16:00:00+00:00,4705.72,4709.09,4676.89,4679.4,33142,4,0
2026-05-12 17:00:00+00:00,4679.4,4695.08,4669.71,4672.88,31988,4,0
2026-05-12 18:00:00+00:00,4672.84,4676.17,4638.32,4666.13,33643,4,0
2026-05-12 19:00:00+00:00,4666.13,4675.06,4664.21,4671.15,24140,4,0
2026-05-12 20:00:00+00:00,4671.15,4682.44,4671.15,4678.85,20660,4,0
2026-05-12 21:00:00+00:00,4678.88,4698.23,4676.28,4696.05,21289,4,0
2026-05-12 22:00:00+00:00,4696.05,4715.78,4696.05,4715.71,18915,4,0
2026-05-13 01:00:00+00:00,4715.35,4722.36,4710.53,4716.96,8568,4,0
2026-05-13 02:00:00+00:00,4716.96,4723.89,4715.4,4717.01,12665,4,0
2026-05-13 03:00:00+00:00,4717.03,4727.01,4714.08,4714.57,19128,4,0
2026-05-13 04:00:00+00:00,4714.57,4717.15,4701.11,4702.5,24343,4,0
2026-05-13 05:00:00+00:00,4702.5,4707.64,4687.57,4691.89,20839,4,0
2026-05-13 06:00:00+00:00,4691.89,4705.87,4688.92,4696.0,16095,4,0
2026-05-13 07:00:00+00:00,4695.96,4703.37,4695.48,4699.68,11796,4,0
2026-05-13 08:00:00+00:00,4699.7,4707.34,4693.7,4704.08,18254,4,0
2026-05-13 09:00:00+00:00,4704.08,4715.41,4699.15,4701.72,19488,4,0
2026-05-13 10:00:00+00:00,4701.77,4708.81,4696.71,4702.9,17317,4,0
2026-05-13 11:00:00+00:00,4702.78,4704.3,4694.43,4700.62,15506,4,0
2026-05-13 12:00:00+00:00,4700.62,4701.82,4686.01,4700.91,16955,4,0
2026-05-13 13:00:00+00:00,4700.91,4710.45,4693.72,4694.18,16744,4,0
2026-05-13 14:00:00+00:00,4694.17,4705.43,4691.54,4697.43,18089,4,0
2026-05-13 15:00:00+00:00,4697.43,4701.59,4676.13,4683.85,27919,4,0
2026-05-13 16:00:00+00:00,4683.84,4694.74,4669.45,4679.36,30238,4,0
2026-05-13 17:00:00+00:00,4679.41,4691.02,4672.9,4679.77,28914,4,0
2026-05-13 18:00:00+00:00,4679.77,4700.03,4678.94,4695.54,24053,4,0
2026-05-13 19:00:00+00:00,4695.49,4709.88,4695.01,4695.67,20379,4,0
2026-05-13 20:00:00+00:00,4695.67,4701.3,4684.59,4685.59,18403,4,0
2026-05-13 21:00:00+00:00,4685.58,4693.98,4677.63,4684.95,16327,4,0
2026-05-13 22:00:00+00:00,4684.95,4690.52,4683.36,4688.21,16034,4,0
2026-05-14 01:00:00+00:00,4689.14,4700.6,4688.9,4700.05,6780,4,0
2026-05-14 02:00:00+00:00,4700.06,4702.11,4693.18,4696.61,7718,4,0
2026-05-14 03:00:00+00:00,4696.61,4706.77,4689.46,4705.0,17197,4,0
2026-05-14 04:00:00+00:00,4704.9,4707.01,4683.55,4688.69,26746,4,0
2026-05-14 05:00:00+00:00,4688.69,4699.65,4679.96,4686.32,20127,4,0
2026-05-14 06:00:00+00:00,4686.32,4693.37,4673.93,4674.97,17822,4,0
2026-05-14 07:00:00+00:00,4675.0,4712.91,4668.38,4702.43,15669,4,0
2026-05-14 08:00:00+00:00,4702.48,4704.27,4688.96,4689.78,17852,4,0
2026-05-14 09:00:00+00:00,4689.78,4702.38,4686.06,4700.26,19546,4,0
2026-05-14 10:00:00+00:00,4700.26,4718.76,4690.7,4693.08,18423,4,0
2026-05-14 11:00:00+00:00,4693.08,4706.51,4692.2,4693.32,18289,4,0
2026-05-14 12:00:00+00:00,4693.32,4702.53,4688.48,4699.55,16027,4,0
2026-05-14 13:00:00+00:00,4699.55,4705.32,4691.17,4697.01,17206,4,0
2026-05-14 14:00:00+00:00,4697.01,4704.83,4689.34,4694.29,16927,4,0
2026-05-14 15:00:00+00:00,4694.29,4710.06,4692.29,4704.82,20235,4,0
2026-05-14 16:00:00+00:00,4704.82,4707.8,4666.65,4679.57,31334,4,0
2026-05-14 17:00:00+00:00,4679.57,4701.0,4677.9,4679.59,26691,4,0
2026-05-14 18:00:00+00:00,4679.59,4689.38,4676.85,4685.82,21541,4,0
2026-05-14 19:00:00+00:00,4685.78,4686.97,4670.32,4678.6,19771,4,0
2026-05-14 20:00:00+00:00,4678.6,4682.99,4676.45,4678.23,16336,4,0
2026-05-14 21:00:00+00:00,4678.23,4678.4,4667.0,4671.67,14631,4,0
2026-05-14 22:00:00+00:00,4671.71,4671.87,4653.03,4654.23,15257,4,0
2026-05-15 01:00:00+00:00,4651.88,4662.72,4645.7,4662.39,9076,4,0
2026-05-15 02:00:00+00:00,4662.39,4665.28,4646.79,4652.16,12481,4,0
2026-05-15 03:00:00+00:00,4652.1,4658.25,4613.61,4630.53,26931,4,0
2026-05-15 04:00:00+00:00,4630.56,4631.68,4607.1,4613.84,36423,4,0
2026-05-15 05:00:00+00:00,4613.84,4623.44,4609.36,4618.11,23399,4,0
2026-05-15 06:00:00+00:00,4618.03,4622.31,4607.47,4615.42,18412,4,0
2026-05-15 07:00:00+00:00,4615.42,4621.51,4604.45,4605.82,15929,4,0
2026-05-15 08:00:00+00:00,4606.03,4606.45,4557.97,4558.75,31606,4,0
2026-05-15 09:00:00+00:00,4558.75,4580.55,4556.34,4569.93,29794,4,0
2026-05-15 10:00:00+00:00,4569.93,4588.63,4565.95,4570.74,24675,4,0
2026-05-15 11:00:00+00:00,4570.74,4572.0,4550.12,4554.42,27050,4,0
2026-05-15 12:00:00+00:00,4554.42,4563.81,4531.89,4545.79,27022,4,0
2026-05-15 13:00:00+00:00,4545.79,4572.58,4544.2,4566.11,25079,4,0
2026-05-15 14:00:00+00:00,4566.05,4570.35,4549.93,4551.97,22785,4,0
2026-05-15 15:00:00+00:00,4551.97,4558.73,4543.65,4545.86,27430,4,0
2026-05-15 16:00:00+00:00,4545.86,4557.61,4511.76,4533.48,38477,4,0
2026-05-15 17:00:00+00:00,4533.44,4566.49,4525.42,4562.75,37936,4,0
2026-05-15 18:00:00+00:00,4562.89,4563.29,4533.72,4539.85,29869,4,0
2026-05-15 19:00:00+00:00,4539.85,4548.08,4529.35,4544.38,22468,4,0
2026-05-15 20:00:00+00:00,4544.34,4564.47,4543.16,4559.59,20894,4,0
2026-05-15 21:00:00+00:00,4559.67,4563.1,4552.36,4559.3,18796,4,0
2026-05-15 22:00:00+00:00,4559.31,4560.22,4544.96,4545.86,18321,4,0
2026-05-18 01:00:00+00:00,4538.84,4554.89,4503.72,4546.19,14179,4,0
2026-05-18 02:00:00+00:00,4546.19,4548.09,4531.86,4537.14,17719,4,0
2026-05-18 03:00:00+00:00,4537.16,4542.55,4480.3,4516.0,31389,4,0
2026-05-18 04:00:00+00:00,4515.48,4535.77,4489.58,4525.46,35653,4,0
2026-05-18 05:00:00+00:00,4525.46,4542.87,4521.95,4533.72,23964,4,0
2026-05-18 06:00:00+00:00,4533.72,4547.94,4525.21,4541.2,22649,4,0
2026-05-18 07:00:00+00:00,4541.19,4549.83,4530.01,4540.68,19867,4,0
2026-05-18 08:00:00+00:00,4540.7,4552.07,4529.91,4530.94,22908,4,0
2026-05-18 09:00:00+00:00,4530.94,4548.16,4529.68,4546.82,24872,4,0
2026-05-18 10:00:00+00:00,4546.82,4559.92,4538.27,4546.27,22316,4,0
2026-05-18 11:00:00+00:00,4546.27,4556.99,4542.69,4550.0,19826,4,0
2026-05-18 12:00:00+00:00,4550.0,4551.98,4540.09,4542.97,17481,4,0
2026-05-18 13:00:00+00:00,4542.97,4547.8,4531.94,4540.25,17767,4,0
2026-05-18 14:00:00+00:00,4540.25,4567.2,4529.85,4550.64,26605,4,0
2026-05-18 15:00:00+00:00,4550.63,4574.95,4545.3,4571.22,27994,4,0
2026-05-18 16:00:00+00:00,4571.21,4584.27,4561.85,4575.91,33129,4,0
2026-05-18 17:00:00+00:00,4575.91,4575.91,4537.85,4546.5,36867,4,0
2026-05-18 18:00:00+00:00,4546.49,4547.96,4531.88,4543.59,29912,4,0
2026-05-18 19:00:00+00:00,4543.59,4554.44,4533.96,4550.21,22322,4,0
2026-05-18 20:00:00+00:00,4550.21,4558.32,4545.57,4547.0,17898,4,0
2026-05-18 21:00:00+00:00,4547.0,4547.81,4534.08,4535.93,18229,4,0
2026-05-18 22:00:00+00:00,4535.93,4565.04,4535.36,4558.43,26565,4,0
2026-05-19 01:00:00+00:00,4566.4,4578.32,4565.9,4573.89,6805,4,0
2026-05-19 02:00:00+00:00,4573.87,4589.0,4573.7,4581.79,10731,4,0
2026-05-19 03:00:00+00:00,4581.79,4589.24,4561.3,4563.41,21103,4,0
2026-05-19 04:00:00+00:00,4563.34,4572.48,4554.14,4563.83,24062,4,0
2026-05-19 05:00:00+00:00,4563.83,4563.83,4545.99,4547.19,21358,4,0
2026-05-19 06:00:00+00:00,4547.19,4555.12,4543.59,4545.09,16299,4,0
2026-05-19 07:00:00+00:00,4545.09,4545.7,4538.05,4542.43,14813,4,0
2026-05-19 08:00:00+00:00,4542.45,4546.61,4530.89,4540.91,20142,4,0
2026-05-19 09:00:00+00:00,4540.91,4553.93,4533.46,4548.17,22826,4,0
2026-05-19 10:00:00+00:00,4548.17,4559.28,4541.41,4557.22,18962,4,0
2026-05-19 11:00:00+00:00,4557.22,4559.15,4536.4,4542.79,17194,4,0
2026-05-19 12:00:00+00:00,4542.78,4546.81,4536.11,4541.85,17793,4,0
2026-05-19 13:00:00+00:00,4541.85,4544.7,4525.47,4544.7,18188,4,0
2026-05-19 14:00:00+00:00,4544.7,4548.0,4529.85,4530.72,17661,4,0
2026-05-19 15:00:00+00:00,4530.72,4547.16,4527.4,4537.12,19585,4,0
2026-05-19 16:00:00+00:00,4537.12,4537.43,4464.68,4503.81,38920,4,0
2026-05-19 17:00:00+00:00,4503.81,4514.42,4484.46,4494.11,34779,4,0
2026-05-19 18:00:00+00:00,4494.11,4509.23,4489.81,4508.44,27246,4,0
2026-05-19 19:00:00+00:00,4508.44,4512.45,4496.09,4507.71,18397,4,0
2026-05-19 20:00:00+00:00,4507.71,4511.07,4499.1,4500.82,17198,4,0
2026-05-19 21:00:00+00:00,4500.82,4503.74,4490.22,4493.67,17268,4,0
2026-05-19 22:00:00+00:00,4493.67,4497.6,4481.24,4483.47,16583,4,0
2026-05-20 01:00:00+00:00,4482.5,4485.86,4477.39,4484.28,7914,4,0
2026-05-20 02:00:00+00:00,4484.28,4496.38,4479.81,4489.25,10718,4,0
2026-05-20 03:00:00+00:00,4489.25,4508.83,4479.62,4500.99,23368,4,0
2026-05-20 04:00:00+00:00,4500.99,4506.28,4456.24,4481.27,28592,4,0
2026-05-20 05:00:00+00:00,4481.24,4486.99,4458.61,4465.33,24557,4,0
2026-05-20 06:00:00+00:00,4465.3,4467.28,4453.52,4463.7,18796,4,0
2026-05-20 07:00:00+00:00,4463.7,4470.67,4456.64,4462.08,16063,4,0
2026-05-20 08:00:00+00:00,4462.1,4479.21,4461.69,4472.73,19440,4,0
2026-05-20 09:00:00+00:00,4472.74,4478.5,4461.39,4474.36,22775,4,0
2026-05-20 10:00:00+00:00,4474.36,4485.95,4471.85,4478.59,19665,4,0
2026-05-20 11:00:00+00:00,4478.59,4490.11,4476.72,4484.14,20038,4,0
2026-05-20 12:00:00+00:00,4484.04,4490.96,4472.7,4484.98,16736,4,0
2026-05-20 13:00:00+00:00,4484.98,4497.16,4484.74,4494.62,14774,4,0
2026-05-20 14:00:00+00:00,4494.62,4501.17,4490.88,4499.17,15668,4,0
2026-05-20 15:00:00+00:00,4499.17,4505.36,4493.01,4496.23,18295,4,0
2026-05-20 16:00:00+00:00,4496.23,4506.2,4482.02,4483.07,28316,4,0
2026-05-20 17:00:00+00:00,4483.07,4537.2,4467.02,4531.26,38319,4,0
2026-05-20 18:00:00+00:00,4531.26,4553.07,4523.17,4529.07,33347,4,0
2026-05-20 19:00:00+00:00,4529.07,4535.48,4524.11,4534.52,21995,4,0
2026-05-20 20:00:00+00:00,4534.52,4538.27,4529.87,4531.21,18826,4,0
2026-05-20 21:00:00+00:00,4531.21,4545.04,4529.31,4542.35,16996,4,0
2026-05-20 22:00:00+00:00,4542.35,4550.23,4541.77,4545.74,15369,4,0
2026-05-21 01:00:00+00:00,4539.88,4548.27,4535.35,4539.81,10309,4,0
2026-05-21 02:00:00+00:00,4539.81,4547.06,4534.58,4546.53,9766,4,0
2026-05-21 03:00:00+00:00,4546.55,4553.29,4537.29,4545.26,17605,4,0
2026-05-21 04:00:00+00:00,4545.26,4570.94,4539.86,4560.99,23370,4,0
2026-05-21 05:00:00+00:00,4560.99,4564.88,4531.5,4533.23,20452,4,0
2026-05-21 06:00:00+00:00,4533.23,4540.27,4527.27,4528.26,14746,4,0
2026-05-21 07:00:00+00:00,4528.25,4540.51,4527.36,4538.42,11646,4,0
2026-05-21 08:00:00+00:00,4538.44,4540.42,4518.43,4527.98,18605,4,0
2026-05-21 09:00:00+00:00,4527.9,4539.99,4518.85,4521.61,19979,4,0
2026-05-21 10:00:00+00:00,4521.61,4524.52,4511.83,4519.65,16506,4,0
2026-05-21 11:00:00+00:00,4519.65,4536.77,4518.33,4532.52,21243,4,0
2026-05-21 12:00:00+00:00,4532.52,4542.96,4527.85,4530.67,18506,4,0
2026-05-21 13:00:00+00:00,4530.67,4535.33,4505.02,4511.49,27064,4,0
2026-05-21 14:00:00+00:00,4511.49,4521.31,4508.02,4514.11,21053,4,0
2026-05-21 15:00:00+00:00,4514.09,4519.26,4502.3,4504.08,23596,4,0
2026-05-21 16:00:00+00:00,4504.08,4521.18,4488.69,4513.3,31621,4,0
2026-05-21 17:00:00+00:00,4513.39,4515.39,4498.22,4508.93,30868,4,0
2026-05-21 18:00:00+00:00,4508.79,4515.33,4496.69,4511.93,26304,4,0
2026-05-21 19:00:00+00:00,4511.93,4520.84,4511.93,4519.48,20855,4,0
2026-05-21 20:00:00+00:00,4519.48,4559.27,4514.18,4551.51,28534,4,0
2026-05-21 21:00:00+00:00,4551.51,4556.15,4527.42,4531.98,26414,4,0
2026-05-21 22:00:00+00:00,4531.98,4543.83,4529.83,4543.11,18793,4,0
2026-05-22 01:00:00+00:00,4539.63,4545.69,4538.95,4543.38,7043,4,0
2026-05-22 02:00:00+00:00,4543.38,4545.17,4532.54,4535.44,8148,4,0
2026-05-22 03:00:00+00:00,4535.45,4541.07,4525.64,4526.78,16416,4,0
2026-05-22 04:00:00+00:00,4526.78,4536.31,4521.07,4526.31,24721,4,0
2026-05-22 05:00:00+00:00,4526.31,4529.37,4518.52,4523.06,17652,4,0
2026-05-22 06:00:00+00:00,4523.07,4529.93,4519.19,4529.49,12837,4,0
2026-05-22 07:00:00+00:00,4529.49,4532.95,4525.48,4527.26,10203,4,0
2026-05-22 08:00:00+00:00,4527.22,4534.31,4507.54,4511.13,15158,4,0
2026-05-22 09:00:00+00:00,4511.14,4528.95,4510.07,4526.88,20025,4,0
2026-05-22 10:00:00+00:00,4526.88,4527.47,4516.2,4521.96,15649,4,0
2026-05-22 11:00:00+00:00,4522.09,4531.23,4517.0,4521.88,17416,4,0
2026-05-22 12:00:00+00:00,4521.88,4536.14,4514.88,4532.28,15717,4,0
2026-05-22 13:00:00+00:00,4532.28,4536.84,4510.36,4514.56,15731,4,0
2026-05-22 14:00:00+00:00,4514.56,4525.23,4511.53,4520.68,15255,4,0
2026-05-22 15:00:00+00:00,4520.68,4535.94,4515.03,4528.2,24636,4,0
2026-05-22 16:00:00+00:00,4528.14,4534.33,4510.36,4513.79,30981,4,0
2026-05-22 17:00:00+00:00,4513.88,4513.88,4491.82,4500.65,30521,4,0
2026-05-22 18:00:00+00:00,4500.65,4522.36,4500.29,4520.12,20782,4,0
2026-05-22 19:00:00+00:00,4520.12,4526.82,4512.38,4514.94,16832,4,0
2026-05-22 20:00:00+00:00,4514.96,4527.9,4513.09,4519.27,19297,4,0
2026-05-22 21:00:00+00:00,4519.32,4520.15,4511.96,4515.12,14245,4,0
2026-05-22 22:00:00+00:00,4515.15,4515.87,4504.29,4508.22,14871,4,0
2026-05-25 01:00:00+00:00,4526.16,4565.56,4507.36,4564.97,19218,4,0
2026-05-25 02:00:00+00:00,4564.97,4580.03,4564.95,4567.09,11741,4,0
2026-05-25 03:00:00+00:00,4567.1,4579.62,4566.15,4569.49,15911,4,0
2026-05-25 04:00:00+00:00,4569.49,4576.32,4560.23,4562.81,20547,4,0
2026-05-25 05:00:00+00:00,4562.81,4570.18,4558.96,4561.37,14747,4,0
2026-05-25 06:00:00+00:00,4561.37,4564.5,4556.73,4559.72,12539,4,0
2026-05-25 07:00:00+00:00,4559.72,4565.91,4559.36,4564.85,9148,4,0
2026-05-25 08:00:00+00:00,4564.85,4566.1,4551.94,4553.38,11603,4,0
2026-05-25 09:00:00+00:00,4553.38,4563.24,4550.47,4562.44,14721,4,0
2026-05-25 10:00:00+00:00,4562.47,4565.13,4552.52,4564.8,14566,4,0
2026-05-25 11:00:00+00:00,4564.8,4565.01,4553.43,4556.15,10280,4,0
2026-05-25 12:00:00+00:00,4556.15,4569.11,4555.03,4567.64,9410,4,0
2026-05-25 13:00:00+00:00,4567.64,4573.74,4567.62,4568.65,10122,4,0
2026-05-25 14:00:00+00:00,4568.8,4576.97,4567.63,4569.54,10063,4,0
2026-05-25 15:00:00+00:00,4569.4,4570.25,4552.86,4567.7,14755,4,0
2026-05-25 16:00:00+00:00,4567.69,4571.32,4560.13,4563.15,15126,4,0
2026-05-25 17:00:00+00:00,4563.16,4570.54,4562.42,4566.83,12947,4,0
2026-05-25 18:00:00+00:00,4566.75,4574.71,4565.65,4570.9,12560,4,0
2026-05-25 19:00:00+00:00,4570.9,4574.65,4568.0,4573.6,8037,4,0
2026-05-25 20:00:00+00:00,4573.6,4577.98,4563.29,4565.12,7671,4,0
2026-05-25 21:00:00+00:00,4565.12,4571.45,4564.42,4569.39,2028,4,0
2026-05-26 01:00:00+00:00,4570.32,4576.6,4569.0,4574.86,7674,4,0
2026-05-26 02:00:00+00:00,4574.86,4580.5,4554.99,4559.6,12880,4,0
2026-05-26 03:00:00+00:00,4559.6,4560.23,4539.42,4549.57,19307,4,0
2026-05-26 04:00:00+00:00,4549.57,4550.38,4527.62,4536.98,22928,4,0
2026-05-26 05:00:00+00:00,4536.98,4539.55,4530.15,4532.17,13136,4,0
2026-05-26 06:00:00+00:00,4532.17,4545.41,4532.03,4542.33,10182,4,0
2026-05-26 07:00:00+00:00,4542.35,4543.2,4523.54,4525.41,9694,4,0
2026-05-26 08:00:00+00:00,4525.43,4535.14,4522.87,4527.29,14084,4,0
2026-05-26 09:00:00+00:00,4527.29,4536.18,4527.0,4531.0,14967,4,0
2026-05-26 10:00:00+00:00,4531.0,4538.98,4521.67,4538.23,18386,4,0
2026-05-26 11:00:00+00:00,4538.24,4538.8,4520.17,4523.72,15457,4,0
2026-05-26 12:00:00+00:00,4523.72,4526.46,4512.08,4522.71,16001,4,0
2026-05-26 13:00:00+00:00,4522.71,4540.53,4519.44,4534.52,16249,4,0
2026-05-26 14:00:00+00:00,4534.73,4536.23,4503.67,4507.17,19677,4,0
2026-05-26 15:00:00+00:00,4507.17,4523.79,4500.73,4520.43,20346,4,0
2026-05-26 16:00:00+00:00,4520.43,4531.31,4512.24,4513.98,23869,4,0
2026-05-26 17:00:00+00:00,4513.99,4524.98,4507.73,4515.24,22890,4,0
2026-05-26 18:00:00+00:00,4515.29,4515.59,4502.33,4506.48,22059,4,0
2026-05-26 19:00:00+00:00,4506.53,4511.26,4499.78,4504.9,16067,4,0
2026-05-26 20:00:00+00:00,4504.9,4507.55,4490.07,4490.94,17437,4,0
2026-05-26 21:00:00+00:00,4490.94,4499.65,4482.41,4499.32,14777,4,0
2026-05-26 22:00:00+00:00,4499.32,4509.98,4497.72,4509.0,12002,4,0
2026-05-27 01:00:00+00:00,4504.27,4538.08,4498.01,4510.94,12409,4,0
2026-05-27 02:00:00+00:00,4510.94,4527.91,4504.46,4519.73,11040,4,0
2026-05-27 03:00:00+00:00,4519.73,4525.78,4514.05,4515.14,13251,4,0
2026-05-27 04:00:00+00:00,4515.14,4521.14,4506.9,4507.9,15261,4,0
2026-05-27 05:00:00+00:00,4507.97,4509.58,4498.11,4505.76,12766,4,0
2026-05-27 06:00:00+00:00,4505.76,4511.91,4496.63,4497.11,9684,4,0
2026-05-27 07:00:00+00:00,4497.09,4517.29,4495.82,4510.16,10623,4,0
2026-05-27 08:00:00+00:00,4510.24,4513.95,4491.78,4497.53,17517,4,0
2026-05-27 09:00:00+00:00,4497.48,4499.23,4479.95,4485.24,19023,4,0
2026-05-27 10:00:00+00:00,4485.23,4489.17,4475.72,4482.01,15542,4,0
2026-05-27 11:00:00+00:00,4482.01,4498.76,4481.52,4497.86,14416,4,0
2026-05-27 12:00:00+00:00,4497.86,4497.86,4487.05,4490.21,10798,4,0
2026-05-27 13:00:00+00:00,4490.21,4490.71,4442.77,4445.76,19819,4,0
2026-05-27 14:00:00+00:00,4445.76,4453.25,4424.99,4428.49,21587,4,0
2026-05-27 15:00:00+00:00,4428.45,4466.63,4427.44,4438.89,26083,4,0
2026-05-27 16:00:00+00:00,4438.89,4439.05,4401.52,4427.49,32451,4,0
2026-05-27 17:00:00+00:00,4427.5,4455.51,4426.06,4433.97,27584,4,0
2026-05-27 18:00:00+00:00,4433.97,4441.55,4428.15,4436.49,19831,4,0
2026-05-27 19:00:00+00:00,4436.51,4453.29,4434.17,4450.85,14219,4,0
2026-05-27 20:00:00+00:00,4450.85,4454.31,4441.47,4450.34,14207,4,0
2026-05-27 21:00:00+00:00,4450.34,4458.54,4447.7,4454.36,10402,4,0
2026-05-27 22:00:00+00:00,4454.36,4454.81,4448.82,4450.95,10051,4,0
2026-05-28 01:00:00+00:00,4453.3,4465.16,4450.79,4457.32,6757,4,0
2026-05-28 02:00:00+00:00,4457.32,4457.7,4443.95,4447.08,10190,4,0
2026-05-28 03:00:00+00:00,4447.1,4457.91,4443.86,4457.08,14487,4,0
2026-05-28 04:00:00+00:00,4457.08,4458.74,4406.97,4409.95,22644,4,0
2026-05-28 05:00:00+00:00,4409.99,4412.51,4392.59,4394.32,19483,4,0
2026-05-28 06:00:00+00:00,4394.32,4397.87,4368.4,4374.82,20393,4,0
2026-05-28 07:00:00+00:00,4374.78,4381.98,4366.52,4373.0,18161,4,0
2026-05-28 08:00:00+00:00,4373.02,4395.78,4367.14,4388.01,17804,4,0
2026-05-28 09:00:00+00:00,4388.01,4390.66,4374.27,4383.52,16541,4,0
2026-05-28 10:00:00+00:00,4383.55,4396.31,4382.86,4387.56,15191,4,0
2026-05-28 11:00:00+00:00,4387.56,4394.98,4385.88,4386.9,15357,4,0
2026-05-28 12:00:00+00:00,4386.9,4398.91,4386.43,4393.59,14955,4,0
2026-05-28 13:00:00+00:00,4393.59,4404.14,4375.36,4382.97,16429,4,0
2026-05-28 14:00:00+00:00,4382.97,4390.49,4381.05,4387.96,16436,4,0
2026-05-28 15:00:00+00:00,4387.96,4433.91,4379.6,4432.21,21069,4,0
2026-05-28 16:00:00+00:00,4432.23,4439.16,4418.19,4430.54,27181,4,0
2026-05-28 17:00:00+00:00,4430.48,4480.48,4420.78,4469.38,34753,4,0
2026-05-28 18:00:00+00:00,4469.39,4484.95,4468.7,4482.33,22193,4,0
2026-05-28 19:00:00+00:00,4482.33,4511.02,4477.89,4510.98,20589,4,0
2026-05-28 20:00:00+00:00,4510.98,4514.54,4501.19,4508.91,15642,4,0
2026-05-28 21:00:00+00:00,4508.91,4516.54,4498.58,4501.07,15403,4,0
2026-05-28 22:00:00+00:00,4501.07,4503.74,4497.13,4497.96,11517,4,0
2026-05-29 01:00:00+00:00,4492.98,4498.94,4488.5,4491.07,7825,4,0
2026-05-29 02:00:00+00:00,4491.07,4497.03,4489.03,4495.13,8707,4,0
2026-05-29 03:00:00+00:00,4495.13,4500.54,4492.27,4496.12,14842,4,0
2026-05-29 04:00:00+00:00,4496.12,4520.64,4492.41,4506.47,21741,4,0
2026-05-29 05:00:00+00:00,4506.47,4511.19,4498.43,4501.79,14706,4,0
2026-05-29 06:00:00+00:00,4501.79,4502.08,4494.87,4501.3,14049,4,0
2026-05-29 07:00:00+00:00,4501.31,4514.83,4501.05,4514.18,10818,4,0
2026-05-29 08:00:00+00:00,4514.17,4515.69,4502.7,4514.95,12398,4,0
2026-05-29 09:00:00+00:00,4514.95,4524.08,4510.03,4523.7,18870,4,0
2026-05-29 10:00:00+00:00,4523.7,4526.21,4510.75,4524.66,16991,4,0
2026-05-29 11:00:00+00:00,4524.66,4524.72,4509.92,4514.84,15225,4,0
2026-05-29 12:00:00+00:00,4514.85,4539.53,4513.2,4531.14,16475,4,0
2026-05-29 13:00:00+00:00,4531.23,4543.44,4525.58,4538.61,16297,4,0
2026-05-29 14:00:00+00:00,4538.61,4540.46,4525.95,4538.44,15869,4,0
2026-05-29 15:00:00+00:00,4538.44,4538.56,4512.74,4522.97,20872,4,0
2026-05-29 16:00:00+00:00,4523.1,4540.74,4517.11,4536.8,26588,4,0
2026-05-29 17:00:00+00:00,4536.79,4570.48,4525.5,4564.22,31167,4,0
2026-05-29 18:00:00+00:00,4564.11,4595.18,4557.77,4571.14,30771,4,0
2026-05-29 19:00:00+00:00,4571.14,4573.51,4560.11,4566.96,18623,4,0
2026-05-29 20:00:00+00:00,4566.96,4568.61,4551.64,4553.45,17219,4,0
2026-05-29 21:00:00+00:00,4553.45,4561.74,4550.88,4553.43,15395,4,0
2026-05-29 22:00:00+00:00,4553.24,4560.18,4542.98,4545.6,13925,4,0
2026-06-01 01:00:00+00:00,4535.56,4540.35,4509.54,4535.27,11563,4,0
2026-06-01 02:00:00+00:00,4535.27,4545.74,4535.08,4539.57,10348,4,0
2026-06-01 03:00:00+00:00,4539.57,4546.06,4535.28,4540.67,14064,4,0
2026-06-01 04:00:00+00:00,4540.76,4541.25,4523.74,4525.48,18078,4,0
2026-06-01 05:00:00+00:00,4525.48,4534.47,4521.16,4521.42,14600,4,0
2026-06-01 06:00:00+00:00,4521.42,4525.51,4509.84,4516.25,13191,4,0
2026-06-01 07:00:00+00:00,4516.25,4519.65,4508.59,4514.47,8696,4,0
2026-06-01 08:00:00+00:00,4514.5,4525.18,4512.73,4518.3,13047,4,0
2026-06-01 09:00:00+00:00,4518.3,4518.81,4500.34,4501.71,16912,4,0
2026-06-01 10:00:00+00:00,4501.69,4509.99,4492.51,4503.09,15869,4,0
2026-06-01 11:00:00+00:00,4503.11,4504.5,4490.58,4498.13,15064,4,0
2026-06-01 12:00:00+00:00,4498.12,4506.28,4489.24,4496.01,14598,4,0
2026-06-01 13:00:00+00:00,4496.01,4510.96,4496.01,4503.96,12504,4,0
2026-06-01 14:00:00+00:00,4503.96,4512.92,4499.83,4505.83,12720,4,0
2026-06-01 15:00:00+00:00,4505.83,4510.45,4497.43,4502.25,16659,4,0
2026-06-01 16:00:00+00:00,4502.25,4503.89,4448.95,4450.19,33738,4,0
2026-06-01 17:00:00+00:00,4450.19,4464.87,4447.68,4458.72,26310,4,0
2026-06-01 18:00:00+00:00,4458.76,4479.97,4455.64,4474.16,20960,4,0
2026-06-01 19:00:00+00:00,4474.2,4482.16,4463.09,4480.08,16824,4,0
2026-06-01 20:00:00+00:00,4480.08,4495.45,4471.42,4487.56,18025,4,0
2026-06-01 21:00:00+00:00,4487.56,4490.26,4484.89,4486.73,9750,4,0
2026-06-01 22:00:00+00:00,4486.73,4488.25,4479.17,4481.19,10963,4,0
2026-06-02 01:00:00+00:00,4475.12,4486.69,4475.12,4485.63,5892,4,0
2026-06-02 02:00:00+00:00,4485.62,4488.3,4479.38,4484.42,6782,4,0
2026-06-02 03:00:00+00:00,4484.42,4497.22,4476.6,4481.54,15539,4,0
2026-06-02 04:00:00+00:00,4481.37,4492.26,4462.94,4474.18,22569,4,0
2026-06-02 05:00:00+00:00,4474.18,4486.49,4472.08,4485.91,15184,4,0
2026-06-02 06:00:00+00:00,4485.91,4499.51,4485.71,4499.32,12961,4,0
2026-06-02 07:00:00+00:00,4499.32,4518.21,4497.75,4517.36,10535,4,0
2026-06-02 08:00:00+00:00,4517.4,4528.24,4515.24,4517.03,14463,4,0
2026-06-02 09:00:00+00:00,4517.03,4538.48,4516.92,4535.75,14939,4,0
2026-06-02 10:00:00+00:00,4535.75,4541.46,4527.99,4535.1,13397,4,0
2026-06-02 11:00:00+00:00,4535.1,4539.13,4525.96,4526.68,13976,4,0
2026-06-02 12:00:00+00:00,4526.7,4535.75,4521.56,4529.82,13229,4,0
2026-06-02 13:00:00+00:00,4529.82,4533.99,4524.65,4533.18,9832,4,0
2026-06-02 14:00:00+00:00,4533.24,4534.67,4525.59,4527.51,10995,4,0
2026-06-02 15:00:00+00:00,4527.51,4534.03,4513.47,4514.7,16237,4,0
2026-06-02 16:00:00+00:00,4514.7,4524.79,4502.66,4502.66,24557,4,0
2026-06-02 17:00:00+00:00,4502.66,4507.05,4490.35,4504.1,24016,4,0
2026-06-02 18:00:00+00:00,4504.21,4508.56,4500.15,4502.1,16625,4,0
2026-06-02 19:00:00+00:00,4502.1,4502.92,4486.39,4491.89,15020,4,0
2026-06-02 20:00:00+00:00,4491.89,4492.99,4482.07,4484.64,14661,4,0
2026-06-02 21:00:00+00:00,4484.64,4490.97,4478.74,4487.39,12892,4,0
2026-06-02 22:00:00+00:00,4487.39,4490.36,4483.45,4488.09,10651,4,0
2026-06-03 01:00:00+00:00,4480.04,4493.12,4480.04,4484.78,8773,4,0
2026-06-03 02:00:00+00:00,4484.76,4488.7,4462.22,4474.37,16673,4,0
2026-06-03 03:00:00+00:00,4474.37,4496.76,4473.8,4486.15,12709,4,0
2026-06-03 04:00:00+00:00,4485.97,4487.63,4463.33,4475.73,21682,4,0
2026-06-03 05:00:00+00:00,4475.83,4485.14,4472.75,4481.97,13966,4,0
2026-06-03 06:00:00+00:00,4481.97,4487.66,4481.89,4484.37,10108,4,0
2026-06-03 07:00:00+00:00,4484.37,4488.19,4468.38,4469.35,8308,4,0
2026-06-03 08:00:00+00:00,4469.37,4474.26,4456.66,4456.96,14762,4,0
2026-06-03 09:00:00+00:00,4456.96,4470.89,4455.22,4462.97,19646,4,0
2026-06-03 10:00:00+00:00,4462.98,4472.19,4452.89,4453.3,18541,4,0
2026-06-03 11:00:00+00:00,4453.3,4459.14,4440.18,4444.01,16930,4,0
2026-06-03 12:00:00+00:00,4444.0,4458.98,4438.99,4443.03,17418,4,0
2026-06-03 13:00:00+00:00,4443.06,4466.93,4440.93,4458.98,19034,4,0
2026-06-03 14:00:00+00:00,4458.98,4468.04,4458.48,4462.41,15183,4,0
2026-06-03 15:00:00+00:00,4462.43,4467.23,4448.19,4460.37,20316,4,0
2026-06-03 16:00:00+00:00,4460.37,4465.97,4426.29,4445.75,29620,4,0
2026-06-03 17:00:00+00:00,4445.75,4459.6,4442.41,4457.17,27870,4,0
2026-06-03 18:00:00+00:00,4457.17,4458.39,4436.91,4442.25,24421,4,0
2026-06-03 19:00:00+00:00,4442.24,4443.87,4433.92,4441.85,18924,4,0
2026-06-03 20:00:00+00:00,4441.93,4448.4,4435.57,4439.01,16292,4,0
2026-06-03 21:00:00+00:00,4439.01,4442.93,4435.3,4442.06,14474,4,0
2026-06-03 22:00:00+00:00,4442.06,4452.24,4441.44,4443.94,16282,4,0
2026-06-04 01:00:00+00:00,4431.66,4452.89,4424.02,4448.89,13135,4,0
2026-06-04 02:00:00+00:00,4449.01,4464.71,4445.35,4457.25,13322,4,0
2026-06-04 03:00:00+00:00,4457.25,4465.18,4444.11,4448.44,18748,4,0
2026-06-04 04:00:00+00:00,4448.42,4473.47,4443.41,4465.79,22230,4,0
2026-06-04 05:00:00+00:00,4465.73,4476.62,4455.57,4475.03,18071,4,0
2026-06-04 06:00:00+00:00,4475.0,4477.27,4458.23,4463.81,14363,4,0
2026-06-04 07:00:00+00:00,4463.81,4484.0,4462.37,4481.03,12070,4,0
2026-06-04 08:00:00+00:00,4481.05,4482.42,4466.91,4469.21,14402,4,0
2026-06-04 09:00:00+00:00,4469.21,4477.18,4462.95,4467.79,16687,4,0
2026-06-04 10:00:00+00:00,4467.79,4470.78,4459.78,4461.68,15798,4,0
2026-06-04 11:00:00+00:00,4461.68,4469.48,4458.56,4463.36,16914,4,0
2026-06-04 12:00:00+00:00,4463.36,4475.69,4461.1,4470.43,16592,4,0
2026-06-04 13:00:00+00:00,4470.43,4473.87,4464.26,4473.63,13663,4,0
2026-06-04 14:00:00+00:00,4473.63,4514.74,4468.79,4511.55,20037,4,0
2026-06-04 15:00:00+00:00,4511.55,4513.92,4491.26,4504.09,19968,4,0
2026-06-04 16:00:00+00:00,4504.08,4515.39,4495.44,4495.81,25274,4,0
2026-06-04 17:00:00+00:00,4495.81,4499.93,4457.26,4465.83,27466,4,0
2026-06-04 18:00:00+00:00,4465.83,4479.08,4463.77,4477.45,18375,4,0
2026-06-04 19:00:00+00:00,4477.46,4485.14,4475.39,4482.85,17011,4,0
2026-06-04 20:00:00+00:00,4482.85,4482.85,4474.02,4478.18,13372,4,0
2026-06-04 21:00:00+00:00,4478.18,4481.06,4472.73,4478.11,11716,4,0
2026-06-04 22:00:00+00:00,4478.14,4483.46,4476.18,4480.79,11366,4,0
2026-06-05 01:00:00+00:00,4472.06,4481.51,4467.9,4469.7,8846,4,0
2026-06-05 02:00:00+00:00,4469.79,4474.07,4460.44,4461.55,11991,4,0
2026-06-05 03:00:00+00:00,4461.55,4466.93,4450.65,4459.18,18278,4,0
2026-06-05 04:00:00+00:00,4459.18,4470.06,4444.06,4446.75,23128,4,0
2026-06-05 05:00:00+00:00,4446.78,4454.99,4438.48,4440.54,18868,4,0
2026-06-05 06:00:00+00:00,4440.54,4443.86,4435.24,4442.34,15351,4,0
2026-06-05 07:00:00+00:00,4442.34,4446.43,4437.43,4444.96,12604,4,0
2026-06-05 08:00:00+00:00,4444.99,4449.98,4438.65,4439.99,16054,4,0
2026-06-05 09:00:00+00:00,4439.99,4456.22,4428.81,4452.95,19940,4,0
2026-06-05 10:00:00+00:00,4452.96,4467.56,4451.9,4460.91,17132,4,0
2026-06-05 11:00:00+00:00,4460.91,4468.19,4458.66,4462.78,15709,4,0
2026-06-05 12:00:00+00:00,4462.78,4469.26,4458.93,4464.87,17567,4,0
2026-06-05 13:00:00+00:00,4464.87,4468.06,4461.81,4466.62,11662,4,0
2026-06-05 14:00:00+00:00,4466.62,4475.2,4458.63,4470.23,15162,4,0
2026-06-05 15:00:00+00:00,4470.23,4475.77,4404.82,4406.29,30751,4,0
2026-06-05 16:00:00+00:00,4406.29,4421.02,4365.59,4365.93,40768,4,0
2026-06-05 17:00:00+00:00,4365.93,4379.19,4344.56,4369.67,41661,4,0
2026-06-05 18:00:00+00:00,4369.67,4372.55,4334.03,4335.53,31763,4,0
2026-06-05 19:00:00+00:00,4335.44,4344.92,4323.46,4344.66,30265,4,0
2026-06-05 20:00:00+00:00,4344.66,4347.52,4335.89,4341.78,25687,4,0
2026-06-05 21:00:00+00:00,4341.78,4342.17,4315.23,4322.42,27712,4,0
2026-06-05 22:00:00+00:00,4322.42,4325.11,4313.84,4318.52,26389,4,0
2026-06-08 01:00:00+00:00,4326.33,4337.34,4309.74,4317.25,22004,4,0
2026-06-08 02:00:00+00:00,4317.25,4346.91,4317.25,4343.96,16487,4,0
2026-06-08 03:00:00+00:00,4343.96,4353.38,4339.69,4342.17,19700,4,0
2026-06-08 04:00:00+00:00,4342.17,4346.0,4299.84,4325.45,32438,4,0
2026-06-08 05:00:00+00:00,4325.45,4330.85,4307.3,4310.61,24334,4,0
2026-06-08 06:00:00+00:00,4310.61,4317.26,4303.53,4316.98,17043,4,0
2026-06-08 07:00:00+00:00,4316.98,4321.81,4307.62,4312.66,16541,4,0
2026-06-08 08:00:00+00:00,4312.66,4316.16,4268.51,4292.03,25621,4,0
2026-06-08 09:00:00+00:00,4292.03,4311.46,4291.96,4299.89,24312,4,0
2026-06-08 10:00:00+00:00,4299.89,4317.12,4294.34,4294.37,24094,4,0
2026-06-08 11:00:00+00:00,4294.37,4297.13,4285.33,4288.76,21376,4,0
2026-06-08 12:00:00+00:00,4288.76,4301.89,4273.03,4294.34,21837,4,0
2026-06-08 13:00:00+00:00,4294.34,4305.61,4286.15,4302.03,19315,4,0
2026-06-08 14:00:00+00:00,4302.03,4333.3,4297.16,4331.22,24653,4,0
2026-06-08 15:00:00+00:00,4331.24,4339.46,4320.21,4333.08,25318,4,0
2026-06-08 16:00:00+00:00,4333.15,4346.62,4321.34,4326.94,32887,4,0
2026-06-08 17:00:00+00:00,4326.94,4331.44,4314.69,4330.85,33451,4,0
2026-06-08 18:00:00+00:00,4330.85,4345.76,4322.52,4341.8,26370,4,0
2026-06-08 19:00:00+00:00,4341.8,4346.44,4337.9,4340.72,20864,4,0
2026-06-08 20:00:00+00:00,4340.72,4342.51,4332.08,4339.25,21206,4,0
2026-06-08 21:00:00+00:00,4339.08,4345.91,4333.1,4334.65,16856,4,0
2026-06-08 22:00:00+00:00,4334.65,4338.21,4323.33,4326.66,17590,4,0
2026-06-09 01:00:00+00:00,4327.96,4332.09,4322.71,4327.9,7420,4,0
2026-06-09 02:00:00+00:00,4327.9,4328.85,4312.79,4317.82,10144,4,0
2026-06-09 03:00:00+00:00,4317.77,4323.77,4315.04,4319.89,19507,4,0
2026-06-09 04:00:00+00:00,4319.84,4338.79,4318.64,4336.49,25025,4,0
2026-06-09 05:00:00+00:00,4336.49,4340.98,4328.22,4336.02,19661,4,0
2026-06-09 06:00:00+00:00,4336.02,4342.22,4331.25,4336.64,15502,4,0
2026-06-09 07:00:00+00:00,4336.64,4339.4,4324.19,4332.29,12101,4,0
2026-06-09 08:00:00+00:00,4332.29,4351.43,4330.97,4343.47,17607,4,0
2026-06-09 09:00:00+00:00,4343.47,4348.74,4330.29,4330.67,18244,4,0
2026-06-09 10:00:00+00:00,4330.67,4334.84,4322.22,4326.59,19625,4,0
2026-06-09 11:00:00+00:00,4326.59,4336.8,4321.28,4326.56,18946,4,0
2026-06-09 12:00:00+00:00,4326.57,4336.14,4324.15,4332.2,15910,4,0
2026-06-09 13:00:00+00:00,4332.2,4340.74,4325.46,4339.15,16137,4,0
2026-06-09 14:00:00+00:00,4339.15,4343.77,4335.66,4339.87,16482,4,0
2026-06-09 15:00:00+00:00,4339.89,4344.31,4334.78,4341.34,19449,4,0
2026-06-09 16:00:00+00:00,4341.34,4363.5,4325.07,4328.91,34457,4,0
2026-06-09 17:00:00+00:00,4329.0,4335.93,4278.47,4300.61,44137,4,0
2026-06-09 18:00:00+00:00,4300.61,4302.07,4263.08,4272.33,40594,4,0
2026-06-09 19:00:00+00:00,4272.33,4281.13,4236.55,4252.2,44015,4,0
2026-06-09 20:00:00+00:00,4252.07,4268.12,4251.23,4263.11,32410,4,0
2026-06-09 21:00:00+00:00,4263.21,4274.27,4259.63,4269.97,25379,4,0
2026-06-09 22:00:00+00:00,4269.97,4271.73,4249.93,4258.72,26366,4,0
2026-06-10 01:00:00+00:00,4247.1,4257.36,4232.3,4237.24,13399,4,0
2026-06-10 02:00:00+00:00,4237.24,4247.27,4210.38,4221.96,20451,4,0
2026-06-10 03:00:00+00:00,4221.93,4228.37,4198.89,4218.14,29558,4,0
2026-06-10 04:00:00+00:00,4218.14,4218.94,4183.7,4188.67,35390,4,0
2026-06-10 05:00:00+00:00,4188.68,4192.63,4173.27,4174.06,31907,4,0
2026-06-10 06:00:00+00:00,4174.06,4186.5,4172.87,4184.87,22463,4,0
2026-06-10 07:00:00+00:00,4184.87,4187.27,4172.45,4174.86,17812,4,0
2026-06-10 08:00:00+00:00,4174.86,4209.06,4173.44,4205.21,25135,4,0
2026-06-10 09:00:00+00:00,4205.21,4221.87,4201.75,4203.87,23664,4,0
2026-06-10 10:00:00+00:00,4203.87,4207.98,4181.62,4186.15,22143,4,0
2026-06-10 11:00:00+00:00,4186.14,4187.46,4161.35,4169.02,27182,4,0
2026-06-10 12:00:00+00:00,4169.03,4179.68,4163.06,4168.75,24298,4,0
2026-06-10 13:00:00+00:00,4168.75,4178.68,4155.7,4174.69,22979,4,0
2026-06-10 14:00:00+00:00,4174.69,4176.11,4145.74,4147.55,33869,4,0
2026-06-10 15:00:00+00:00,4147.55,4173.64,4130.72,4146.98,42089,4,0
2026-06-10 16:00:00+00:00,4147.0,4186.31,4132.91,4179.53,43131,4,0
2026-06-10 17:00:00+00:00,4179.53,4181.04,4117.9,4124.87,42565,4,0
2026-06-10 18:00:00+00:00,4124.87,4136.93,4106.82,4128.91,41928,4,0
2026-06-10 19:00:00+00:00,4128.91,4135.08,4115.96,4122.02,29465,4,0
2026-06-10 20:00:00+00:00,4122.05,4135.03,4100.82,4111.65,29579,4,0
2026-06-10 21:00:00+00:00,4111.73,4120.58,4096.9,4101.57,26302,4,0
2026-06-10 22:00:00+00:00,4101.57,4102.11,4081.61,4082.72,28916,4,0
2026-06-11 01:00:00+00:00,4067.76,4071.97,4036.09,4046.25,26935,4,0
2026-06-11 02:00:00+00:00,4046.31,4064.63,4023.74,4047.13,27144,4,0
2026-06-11 03:00:00+00:00,4047.14,4078.09,4036.18,4075.81,33812,4,0
2026-06-11 04:00:00+00:00,4075.81,4118.02,4066.31,4102.04,34015,4,0
2026-06-11 05:00:00+00:00,4102.04,4102.78,4052.52,4067.96,30053,4,0
2026-06-11 06:00:00+00:00,4067.96,4078.58,4056.98,4072.81,24127,4,0
2026-06-11 07:00:00+00:00,4072.81,4085.83,4070.11,4082.62,20347,4,0
2026-06-11 08:00:00+00:00,4082.64,4106.28,4072.53,4094.3,23905,4,0
2026-06-11 09:00:00+00:00,4094.3,4097.55,4076.36,4094.49,22966,4,0
2026-06-11 10:00:00+00:00,4094.49,4110.59,4091.69,4104.93,22791,4,0
2026-06-11 11:00:00+00:00,4104.93,4112.64,4084.54,4084.54,24152,4,0
2026-06-11 12:00:00+00:00,4084.54,4096.48,4077.37,4091.59,21033,4,0
2026-06-11 13:00:00+00:00,4091.59,4094.53,4086.53,4089.86,18387,4,0
2026-06-11 14:00:00+00:00,4089.88,4095.99,4079.79,4080.32,24628,4,0
2026-06-11 15:00:00+00:00,4080.32,4087.15,4057.52,4081.86,35393,4,0
2026-06-11 16:00:00+00:00,4081.86,4092.57,4067.13,4083.28,39318,4,0
2026-06-11 17:00:00+00:00,4083.28,4085.4,4052.88,4073.43,41347,4,0
2026-06-11 18:00:00+00:00,4073.43,4095.39,4070.29,4088.8,39951,4,0
2026-06-11 19:00:00+00:00,4088.8,4107.55,4078.04,4080.23,35518,4,0
2026-06-11 20:00:00+00:00,4080.23,4169.99,4071.98,4151.84,44110,4,0
2026-06-11 21:00:00+00:00,4151.84,4171.72,4131.63,4161.87,37442,4,0
2026-06-11 22:00:00+00:00,4161.87,4219.93,4161.87,4208.87,33755,4,0
2026-06-12 01:00:00+00:00,4207.64,4246.34,4202.67,4243.24,16551,4,0
2026-06-12 02:00:00+00:00,4243.24,4245.75,4214.21,4219.93,17487,4,0
2026-06-12 03:00:00+00:00,4219.93,4230.52,4200.82,4208.33,24112,4,0
2026-06-12 04:00:00+00:00,4208.33,4210.96,4171.42,4186.78,27579,4,0
2026-06-12 05:00:00+00:00,4186.78,4200.07,4182.7,4191.57,21908,4,0
2026-06-12 06:00:00+00:00,4191.57,4204.95,4189.49,4197.11,20459,4,0
2026-06-12 07:00:00+00:00,4197.11,4201.03,4189.58,4190.0,14281,4,0
2026-06-12 08:00:00+00:00,4190.02,4193.03,4170.58,4173.22,21898,4,0
2026-06-12 09:00:00+00:00,4173.22,4185.62,4172.34,4184.22,22078,4,0
2026-06-12 10:00:00+00:00,4184.22,4194.33,4170.16,4194.25,21270,4,0
2026-06-12 11:00:00+00:00,4194.25,4225.99,4192.04,4219.64,27711,4,0
2026-06-12 12:00:00+00:00,4219.64,4227.97,4217.42,4221.83,21919,4,0
2026-06-12 13:00:00+00:00,4221.83,4225.64,4202.79,4210.8,20837,4,0
2026-06-12 14:00:00+00:00,4210.82,4215.37,4197.49,4206.88,19615,4,0
2026-06-12 15:00:00+00:00,4206.88,4215.4,4188.53,4191.73,23084,4,0
2026-06-12 16:00:00+00:00,4191.68,4210.21,4182.76,4186.45,33576,4,0
2026-06-12 17:00:00+00:00,4186.45,4208.45,4177.16,4203.98,35561,4,0
2026-06-12 18:00:00+00:00,4203.98,4235.59,4200.25,4212.02,33373,4,0
2026-06-12 19:00:00+00:00,4212.02,4232.91,4208.03,4216.01,28629,4,0
2026-06-12 20:00:00+00:00,4216.01,4226.43,4213.95,4221.4,23411,4,0
2026-06-12 21:00:00+00:00,4221.47,4235.44,4214.2,4215.61,18629,4,0
2026-06-12 22:00:00+00:00,4215.63,4219.13,4201.86,4210.73,18466,4,0
2026-06-15 01:00:00+00:00,4262.55,4308.92,4231.18,4285.67,21808,4,0
2026-06-15 02:00:00+00:00,4285.67,4295.09,4281.12,4294.05,12533,4,0
2026-06-15 03:00:00+00:00,4294.07,4308.14,4291.69,4292.63,18338,4,0
2026-06-15 04:00:00+00:00,4292.64,4319.6,4285.49,4316.77,26466,4,0
2026-06-15 05:00:00+00:00,4316.77,4335.43,4316.04,4329.5,18440,4,0
2026-06-15 06:00:00+00:00,4329.5,4331.18,4321.26,4324.94,13965,4,0
2026-06-15 07:00:00+00:00,4324.94,4330.21,4320.84,4328.2,10123,4,0
2026-06-15 08:00:00+00:00,4328.22,4332.99,4307.49,4310.01,16151,4,0
2026-06-15 09:00:00+00:00,4310.01,4313.4,4300.8,4308.16,19083,4,0
2026-06-15 10:00:00+00:00,4308.13,4325.23,4305.33,4323.21,18008,4,0
2026-06-15 11:00:00+00:00,4323.22,4345.45,4321.71,4334.06,18338,4,0
2026-06-15 12:00:00+00:00,4334.54,4343.16,4334.54,4336.63,5785,0,0
2026-06-15 13:00:00+00:00,4336.63,4341.62,4335.33,4338.14,14278,0,0
2026-06-15 14:00:00+00:00,4338.14,4347.56,4331.95,4335.27,18758,0,0
2026-06-15 15:00:00+00:00,4335.27,4349.41,4324.59,4349.07,20446,0,0
2026-06-15 16:00:00+00:00,4349.07,4368.67,4341.35,4355.17,28334,0,0
2026-06-15 17:00:00+00:00,4355.22,4369.4,4353.9,4356.74,28757,0,0
2026-06-15 18:00:00+00:00,4356.74,4360.78,4349.55,4356.2,26494,0,0
2026-06-15 19:00:00+00:00,4356.21,4358.75,4334.59,4339.31,21235,0,0
2026-06-15 20:00:00+00:00,4339.31,4339.32,4320.47,4324.85,21371,0,0
2026-06-15 21:00:00+00:00,4324.85,4328.04,4318.08,4325.68,18617,0,0
2026-06-15 22:00:00+00:00,4325.72,4326.73,4316.65,4320.83,17105,0,0
2026-06-16 01:00:00+00:00,4305.42,4315.49,4302.82,4311.94,9226,0,0
2026-06-16 02:00:00+00:00,4311.94,4319.21,4311.47,4315.6,9872,0,0
2026-06-16 03:00:00+00:00,4315.6,4320.7,4306.85,4319.19,15401,0,0
2026-06-16 04:00:00+00:00,4319.19,4325.9,4312.15,4313.59,21119,0,0
2026-06-16 05:00:00+00:00,4313.57,4320.86,4307.61,4318.72,15594,0,0
2026-06-16 06:00:00+00:00,4318.72,4333.17,4315.4,4330.46,14035,0,0
2026-06-16 07:00:00+00:00,4330.46,4332.16,4321.21,4322.53,11961,0,0
2026-06-16 08:00:00+00:00,4322.53,4330.89,4314.22,4315.95,16678,0,0
2026-06-16 09:00:00+00:00,4315.95,4324.54,4313.33,4323.91,18043,0,0
2026-06-16 10:00:00+00:00,4323.91,4335.58,4322.63,4335.12,17040,0,0
2026-06-16 11:00:00+00:00,4335.12,4348.01,4332.8,4346.95,17703,0,0
2026-06-16 12:00:00+00:00,4346.95,4348.32,4338.41,4345.24,15467,0,0
2026-06-16 13:00:00+00:00,4345.24,4348.93,4342.21,4348.93,12795,0,0
2026-06-16 14:00:00+00:00,4348.93,4349.41,4335.12,4340.99,17197,0,0
2026-06-16 15:00:00+00:00,4340.95,4354.95,4337.42,4354.71,22424,0,0
2026-06-16 16:00:00+00:00,4354.71,4354.91,4331.61,4331.75,30915,0,0
2026-06-16 17:00:00+00:00,4331.75,4338.92,4313.32,4324.05,32452,0,0
2026-06-16 18:00:00+00:00,4324.05,4343.49,4321.17,4335.27,28332,0,0
2026-06-16 19:00:00+00:00,4335.26,4347.02,4334.91,4340.69,26719,0,0
2026-06-16 20:00:00+00:00,4340.69,4341.17,4325.34,4340.34,21405,0,0
2026-06-16 21:00:00+00:00,4340.34,4342.84,4336.16,4338.51,18856,0,0
2026-06-16 22:00:00+00:00,4338.51,4342.91,4330.69,4334.07,18177,0,0
2026-06-17 01:00:00+00:00,4327.69,4336.02,4326.44,4335.46,4814,0,0
2026-06-17 02:00:00+00:00,4335.46,4338.27,4329.57,4330.97,4134,0,0
2026-06-17 03:00:00+00:00,4330.97,4341.61,4328.57,4337.1,12377,0,0
2026-06-17 04:00:00+00:00,4337.1,4349.88,4334.33,4340.93,20845,0,0
2026-06-17 05:00:00+00:00,4340.93,4344.56,4329.7,4331.65,16382,0,0
2026-06-17 06:00:00+00:00,4331.59,4334.11,4328.58,4332.3,12994,0,0
2026-06-17 07:00:00+00:00,4332.3,4334.14,4317.51,4326.74,11211,0,0
2026-06-17 08:00:00+00:00,4326.77,4334.3,4321.12,4326.63,14462,0,0
2026-06-17 09:00:00+00:00,4326.63,4331.82,4320.51,4331.66,16550,0,0
2026-06-17 10:00:00+00:00,4331.68,4332.96,4324.71,4325.3,15100,0,0
2026-06-17 11:00:00+00:00,4325.3,4327.94,4317.57,4324.8,17485,0,0
2026-06-17 12:00:00+00:00,4324.79,4335.62,4321.31,4329.57,14088,0,0
2026-06-17 13:00:00+00:00,4329.57,4335.18,4326.9,4331.42,14797,0,0
2026-06-17 14:00:00+00:00,4331.44,4332.02,4320.97,4323.16,16165,0,0
2026-06-17 15:00:00+00:00,4323.16,4335.61,4319.82,4333.65,17815,0,0
2026-06-17 16:00:00+00:00,4333.65,4345.33,4324.1,4339.94,25539,0,0
2026-06-17 17:00:00+00:00,4339.94,4364.17,4330.84,4344.58,35698,0,0
2026-06-17 18:00:00+00:00,4344.58,4364.9,4343.92,4363.57,23827,0,0
2026-06-17 19:00:00+00:00,4363.57,4366.49,4355.12,4359.5,18620,0,0
2026-06-17 20:00:00+00:00,4359.5,4382.48,4355.41,4379.88,22766,0,0
2026-06-17 21:00:00+00:00,4379.88,4379.88,4269.93,4286.24,58409,0,0
2026-06-17 22:00:00+00:00,4286.19,4295.26,4219.14,4235.86,47810,0,0
2026-06-18 01:00:00+00:00,4252.88,4271.41,4249.53,4266.74,11223,0,0
2026-06-18 02:00:00+00:00,4266.74,4283.9,4264.21,4278.0,15121,0,0
2026-06-18 03:00:00+00:00,4278.0,4315.31,4276.6,4308.49,23359,0,0
2026-06-18 04:00:00+00:00,4308.49,4328.52,4307.05,4317.85,23135,0,0
2026-06-18 05:00:00+00:00,4317.86,4329.91,4310.46,4310.95,20180,0,0
2026-06-18 06:00:00+00:00,4310.94,4322.64,4309.09,4319.71,15241,0,0
2026-06-18 07:00:00+00:00,4319.72,4324.0,4309.77,4315.8,12921,0,0
2026-06-18 08:00:00+00:00,4315.8,4324.75,4301.29,4308.11,19060,0,0
2026-06-18 09:00:00+00:00,4308.11,4310.02,4296.26,4306.5,22503,0,0
2026-06-18 10:00:00+00:00,4306.5,4309.43,4287.48,4288.74,19703,0,0
2026-06-18 11:00:00+00:00,4288.73,4292.99,4265.51,4266.78,21735,0,0
2026-06-18 12:00:00+00:00,4266.78,4273.33,4259.56,4268.57,19767,0,0
2026-06-18 13:00:00+00:00,4268.57,4272.77,4254.76,4255.58,21377,0,0
2026-06-18 14:00:00+00:00,4255.55,4255.76,4239.95,4242.0,23083,0,0
2026-06-18 15:00:00+00:00,4242.0,4269.18,4240.47,4246.66,26942,0,0
2026-06-18 16:00:00+00:00,4246.66,4276.73,4244.99,4256.52,33374,0,0
2026-06-18 17:00:00+00:00,4256.49,4257.93,4237.19,4252.3,36118,0,0
2026-06-18 18:00:00+00:00,4252.31,4254.84,4223.12,4226.7,29407,0,0
2026-06-18 19:00:00+00:00,4226.7,4233.35,4214.0,4219.49,27111,0,0
2026-06-18 20:00:00+00:00,4219.49,4233.19,4218.51,4230.37,21536,0,0
2026-06-18 21:00:00+00:00,4230.38,4233.17,4218.16,4218.48,18178,0,0
2026-06-18 22:00:00+00:00,4218.48,4219.08,4201.27,4216.88,22911,0,0
2026-06-19 01:00:00+00:00,4203.06,4212.7,4200.9,4207.49,8209,0,0
2026-06-19 02:00:00+00:00,4207.49,4208.38,4186.75,4188.47,12893,0,0
2026-06-19 03:00:00+00:00,4188.47,4198.17,4184.22,4190.41,16252,0,0
2026-06-19 04:00:00+00:00,4190.41,4194.52,4184.09,4184.94,13615,0,0
2026-06-19 05:00:00+00:00,4184.94,4186.29,4171.85,4176.36,13469,0,0
2026-06-19 06:00:00+00:00,4176.36,4177.31,4146.49,4153.47,17100,0,0
2026-06-19 07:00:00+00:00,4153.31,4155.15,4125.1,4125.79,19091,0,0
2026-06-19 08:00:00+00:00,4125.81,4141.84,4121.68,4139.73,17685,0,0
2026-06-19 09:00:00+00:00,4139.73,4150.61,4132.88,4147.7,18603,0,0
2026-06-19 10:00:00+00:00,4147.7,4163.32,4147.7,4158.11,18494,0,0
2026-06-19 11:00:00+00:00,4158.11,4178.53,4155.28,4169.16,19920,0,0
2026-06-19 12:00:00+00:00,4169.15,4170.95,4160.95,4162.87,16185,0,0
2026-06-19 13:00:00+00:00,4162.87,4163.16,4148.06,4149.81,17470,0,0
2026-06-19 14:00:00+00:00,4149.81,4155.04,4141.89,4152.59,17723,0,0
2026-06-19 15:00:00+00:00,4152.59,4180.1,4147.33,4179.13,21209,0,0
2026-06-19 16:00:00+00:00,4179.13,4182.96,4150.61,4151.53,23981,0,0
2026-06-19 17:00:00+00:00,4151.46,4154.59,4142.54,4149.27,19861,0,0
2026-06-19 18:00:00+00:00,4149.27,4154.04,4147.63,4151.06,14187,0,0
2026-06-19 19:00:00+00:00,4151.06,4157.89,4144.36,4155.52,9666,0,0
2026-06-19 20:00:00+00:00,4155.52,4155.52,4152.52,4152.52,9,29,0
2026-06-22 01:00:00+00:00,4138.9,4159.64,4133.63,4156.38,15191,0,0
2026-06-22 02:00:00+00:00,4156.38,4164.74,4136.54,4140.31,16997,0,0
2026-06-22 03:00:00+00:00,4140.33,4200.96,4140.06,4200.85,23088,0,0
2026-06-22 04:00:00+00:00,4200.88,4220.91,4189.6,4190.95,31026,0,0
2026-06-22 05:00:00+00:00,4190.95,4200.38,4183.5,4188.46,22944,0,0
2026-06-22 06:00:00+00:00,4188.46,4189.94,4170.67,4171.54,18437,0,0
2026-06-22 07:00:00+00:00,4171.58,4182.2,4170.65,4181.75,14805,0,0
2026-06-22 08:00:00+00:00,4181.75,4198.73,4179.41,4193.81,20062,0,0
2026-06-22 09:00:00+00:00,4193.81,4207.37,4191.22,4197.72,20639,0,0
2026-06-22 10:00:00+00:00,4197.7,4201.78,4188.87,4190.44,19555,0,0
2026-06-22 11:00:00+00:00,4190.46,4197.73,4188.65,4197.38,18778,0,0
2026-06-22 12:00:00+00:00,4197.45,4210.25,4196.05,4208.23,19245,0,0
2026-06-22 13:00:00+00:00,4208.23,4214.2,4203.67,4204.71,16049,0,0
2026-06-22 14:00:00+00:00,4204.72,4215.34,4201.4,4207.48,19609,0,0
2026-06-22 15:00:00+00:00,4207.44,4211.76,4192.2,4193.37,23276,0,0
2026-06-22 16:00:00+00:00,4193.37,4205.8,4182.88,4199.87,34592,0,0
2026-06-22 17:00:00+00:00,4199.87,4210.74,4186.51,4198.32,35730,0,0
2026-06-22 18:00:00+00:00,4198.32,4201.34,4169.82,4182.91,30787,0,0
2026-06-22 19:00:00+00:00,4182.92,4192.85,4174.41,4189.96,23289,0,0
2026-06-22 20:00:00+00:00,4189.96,4191.61,4177.14,4183.16,20589,0,0
2026-06-22 21:00:00+00:00,4183.16,4192.95,4182.55,4191.32,17894,0,0
2026-06-22 22:00:00+00:00,4191.43,4193.4,4184.18,4190.59,18379,0,0
2026-06-23 01:00:00+00:00,4189.24,4194.59,4185.58,4189.96,5820,0,0
2026-06-23 02:00:00+00:00,4189.96,4195.31,4186.64,4187.55,7962,0,0
2026-06-23 03:00:00+00:00,4187.57,4194.71,4178.34,4193.39,19408,0,0
2026-06-23 04:00:00+00:00,4193.4,4198.57,4150.08,4161.28,26196,0,0
2026-06-23 05:00:00+00:00,4161.28,4163.45,4146.59,4146.94,21016,0,0
2026-06-23 06:00:00+00:00,4146.94,4149.67,4130.76,4144.1,20936,0,0
2026-06-23 07:00:00+00:00,4144.1,4146.97,4114.75,4118.17,15710,0,0
2026-06-23 08:00:00+00:00,4118.19,4137.46,4115.44,4121.25,22887,0,0
2026-06-23 09:00:00+00:00,4121.25,4127.07,4110.32,4114.43,24461,0,0
2026-06-23 10:00:00+00:00,4114.43,4124.83,4096.65,4098.84,25140,0,0
2026-06-23 11:00:00+00:00,4098.84,4110.99,4090.83,4105.31,25233,0,0
2026-06-23 12:00:00+00:00,4105.29,4122.29,4104.02,4122.28,19711,0,0
2026-06-23 13:00:00+00:00,4122.28,4133.31,4119.61,4119.76,20865,0,0
2026-06-23 14:00:00+00:00,4119.76,4131.94,4117.34,4123.26,21581,0,0
2026-06-23 15:00:00+00:00,4123.28,4127.42,4111.74,4113.26,22110,0,0
2026-06-23 16:00:00+00:00,4113.26,4140.49,4105.31,4135.46,33681,0,0
2026-06-23 17:00:00+00:00,4135.46,4144.9,4122.76,4130.18,36926,0,0
2026-06-23 18:00:00+00:00,4130.14,4141.62,4123.49,4138.66,29056,0,0
2026-06-23 19:00:00+00:00,4138.66,4143.88,4131.6,4134.38,20048,0,0
2026-06-23 20:00:00+00:00,4134.38,4139.79,4127.81,4128.02,19319,0,0
2026-06-23 21:00:00+00:00,4128.02,4131.09,4112.84,4117.74,18856,0,0
2026-06-23 22:00:00+00:00,4117.73,4126.09,4111.63,4111.75,22217,0,0
2026-06-24 01:00:00+00:00,4109.55,4115.07,4096.98,4104.3,14349,0,0
2026-06-24 02:00:00+00:00,4104.3,4104.4,4080.79,4099.23,19497,0,0
2026-06-24 03:00:00+00:00,4099.23,4112.08,4093.77,4097.24,27063,0,0
2026-06-24 04:00:00+00:00,4097.3,4102.24,4068.47,4089.08,38722,0,0
2026-06-24 05:00:00+00:00,4089.09,4095.94,4052.07,4061.17,27384,0,0
2026-06-24 06:00:00+00:00,4061.16,4070.67,4050.33,4062.8,25132,0,0
2026-06-24 07:00:00+00:00,4062.8,4067.21,4055.05,4064.52,18361,0,0
2026-06-24 08:00:00+00:00,4064.52,4086.29,4060.83,4075.93,20789,0,0
2026-06-24 09:00:00+00:00,4075.93,4097.57,4075.93,4087.13,25019,0,0
2026-06-24 10:00:00+00:00,4087.13,4090.88,4073.7,4074.81,20626,0,0
2026-06-24 11:00:00+00:00,4074.81,4087.65,4073.06,4076.27,22725,0,0
2026-06-24 12:00:00+00:00,4076.27,4079.14,4064.15,4064.64,19006,0,0
2026-06-24 13:00:00+00:00,4064.64,4066.88,4054.73,4055.63,21737,0,0
2026-06-24 14:00:00+00:00,4055.63,4058.54,4037.6,4046.74,29360,0,0
2026-06-24 15:00:00+00:00,4046.74,4048.87,3987.57,3987.78,38418,0,0
2026-06-24 16:00:00+00:00,3987.78,4041.98,3964.55,4038.43,47629,0,0
2026-06-24 17:00:00+00:00,4038.31,4041.12,4002.94,4008.03,39776,0,0
2026-06-24 18:00:00+00:00,4008.03,4016.93,3997.33,4002.44,34704,0,0
2026-06-24 19:00:00+00:00,4002.44,4022.24,3995.59,4006.67,30159,0,0
2026-06-24 20:00:00+00:00,4006.69,4011.26,3972.83,3972.83,30724,0,0
2026-06-24 21:00:00+00:00,3972.83,3994.24,3958.96,3981.4,33247,0,0
2026-06-24 22:00:00+00:00,3981.4,3990.89,3973.48,3988.07,26431,0,0
2026-06-25 01:00:00+00:00,4001.11,4008.44,3992.87,3996.34,10576,0,0
2026-06-25 02:00:00+00:00,3996.42,4018.63,3990.8,4012.46,14606,0,0
2026-06-25 03:00:00+00:00,4012.48,4016.45,3978.52,3991.38,24747,0,0
2026-06-25 04:00:00+00:00,3991.38,4005.92,3972.37,3976.76,32358,0,0
2026-06-25 05:00:00+00:00,3976.76,3991.12,3963.03,3982.93,28144,0,0
2026-06-25 06:00:00+00:00,3982.93,4001.11,3966.31,3995.55,23252,0,0
2026-06-25 07:00:00+00:00,3995.55,3997.72,3983.59,3996.04,17635,0,0
2026-06-25 08:00:00+00:00,3996.06,4000.09,3980.45,3986.48,21763,0,0
2026-06-25 09:00:00+00:00,3986.48,3989.35,3973.97,3977.51,23305,0,0
2026-06-25 10:00:00+00:00,3977.38,3989.85,3971.49,3987.82,22257,0,0
2026-06-25 11:00:00+00:00,3987.82,4002.03,3984.27,3989.16,22262,0,0
2026-06-25 12:00:00+00:00,3989.16,3997.65,3986.11,3988.26,17742,0,0
2026-06-25 13:00:00+00:00,3988.27,3989.44,3981.35,3984.36,14603,0,0
2026-06-25 14:00:00+00:00,3984.36,3987.82,3973.64,3980.04,18663,0,0
2026-06-25 15:00:00+00:00,3980.04,4019.29,3978.95,4012.35,31713,0,0
2026-06-25 16:00:00+00:00,4012.47,4034.11,4000.96,4002.22,41917,0,0
2026-06-25 17:00:00+00:00,4002.22,4028.61,3999.02,4011.94,39096,0,0
2026-06-25 18:00:00+00:00,4011.91,4042.63,4005.03,4041.09,35881,0,0
2026-06-25 19:00:00+00:00,4041.09,4044.08,4023.87,4028.71,30231,0,0
2026-06-25 20:00:00+00:00,4028.71,4036.8,4026.88,4034.69,22946,0,0
2026-06-25 21:00:00+00:00,4034.68,4044.22,4025.96,4034.72,24062,0,0
2026-06-25 22:00:00+00:00,4034.72,4043.77,4021.95,4026.81,24079,0,0
2026-06-26 01:00:00+00:00,3989.99,4036.57,3989.93,4026.35,12954,0,0
2026-06-26 02:00:00+00:00,4026.35,4030.37,4012.53,4014.62,13362,0,0
2026-06-26 03:00:00+00:00,4014.62,4024.43,4011.43,4020.32,23223,0,0
2026-06-26 04:00:00+00:00,4020.32,4029.54,4014.27,4020.9,25372,0,0
2026-06-26 05:00:00+00:00,4020.9,4023.33,3982.99,3990.71,24363,0,0
2026-06-26 06:00:00+00:00,3990.71,4006.62,3986.63,4004.25,21698,0,0
2026-06-26 07:00:00+00:00,4004.26,4015.28,3998.73,4011.4,18427,0,0
2026-06-26 08:00:00+00:00,4011.4,4021.63,4005.72,4008.04,20504,0,0
2026-06-26 09:00:00+00:00,4008.06,4033.19,4006.84,4032.07,25446,0,0
2026-06-26 10:00:00+00:00,4032.07,4039.83,4026.77,4030.63,20342,0,0
2026-06-26 11:00:00+00:00,4030.63,4037.74,4025.82,4030.94,18071,0,0
2026-06-26 12:00:00+00:00,4030.94,4054.14,4029.62,4047.2,21254,0,0
2026-06-26 13:00:00+00:00,4047.2,4054.88,4042.29,4054.78,17792,0,0
2026-06-26 14:00:00+00:00,4054.79,4055.59,4042.69,4045.96,18515,0,0
2026-06-26 15:00:00+00:00,4045.95,4061.5,4035.83,4059.0,22606,0,0
2026-06-26 16:00:00+00:00,4059.0,4078.05,4043.27,4073.67,36909,0,0
2026-06-26 17:00:00+00:00,4073.67,4093.09,4067.68,4080.64,33158,0,0
2026-06-26 18:00:00+00:00,4080.6,4096.03,4075.79,4090.54,26690,0,0
2026-06-26 19:00:00+00:00,4090.54,4093.62,4082.24,4085.08,19667,0,0
2026-06-26 20:00:00+00:00,4085.08,4088.17,4073.66,4074.75,17486,0,0
2026-06-26 21:00:00+00:00,4074.75,4078.85,4067.11,4067.35,19913,0,0
2026-06-26 22:00:00+00:00,4067.35,4074.66,4064.5,4071.69,24834,0,0
2026-06-29 01:00:00+00:00,4082.28,4085.55,4053.29,4066.22,23729,0,0
2026-06-29 02:00:00+00:00,4066.22,4070.56,4051.88,4062.73,24467,0,0
2026-06-29 03:00:00+00:00,4062.73,4074.21,4048.23,4069.48,33784,0,0
2026-06-29 04:00:00+00:00,4069.48,4074.58,4053.88,4061.48,35466,0,0
2026-06-29 05:00:00+00:00,4061.48,4071.8,4058.49,4066.32,31694,0,0
2026-06-29 06:00:00+00:00,4066.32,4075.68,4064.93,4068.96,26825,0,0
2026-06-29 07:00:00+00:00,4068.96,4069.02,4049.63,4052.35,20258,0,0
2026-06-29 08:00:00+00:00,4052.35,4057.51,4039.36,4054.41,30483,0,0
2026-06-29 09:00:00+00:00,4054.42,4064.81,4053.68,4062.3,30685,0,0
2026-06-29 10:00:00+00:00,4062.19,4068.6,4055.94,4061.64,30258,0,0
2026-06-29 11:00:00+00:00,4061.64,4066.67,4043.67,4046.95,32129,0,0
2026-06-29 12:00:00+00:00,4046.95,4055.34,4024.51,4031.5,29889,0,0
2026-06-29 13:00:00+00:00,4031.5,4039.73,4027.54,4036.83,18162,0,0
2026-06-29 14:00:00+00:00,4036.92,4042.38,4027.33,4039.18,19391,0,0
2026-06-29 15:00:00+00:00,4039.18,4052.48,4037.66,4043.68,22014,0,0
2026-06-29 16:00:00+00:00,4043.68,4051.8,4028.35,4032.35,29554,0,0
2026-06-29 17:00:00+00:00,4032.36,4035.44,4000.3,4025.8,34706,0,0
2026-06-29 18:00:00+00:00,4025.8,4030.35,4016.85,4026.89,25770,0,0
2026-06-29 19:00:00+00:00,4026.89,4028.72,4018.8,4023.89,16320,0,0
2026-06-29 20:00:00+00:00,4023.89,4032.12,4019.28,4020.98,16612,0,0
2026-06-29 21:00:00+00:00,4020.98,4025.3,4011.94,4013.37,13341,0,0
2026-06-29 22:00:00+00:00,4013.37,4019.74,4005.24,4015.94,15672,0,0
2026-06-30 01:00:00+00:00,4013.93,4022.08,4009.61,4014.13,10097,0,0
2026-06-30 02:00:00+00:00,4014.13,4022.42,4013.4,4014.93,11177,0,0
2026-06-30 03:00:00+00:00,4014.92,4015.25,3979.81,3987.32,25491,0,0
2026-06-30 04:00:00+00:00,3987.09,3987.23,3942.48,3969.42,35954,0,0
2026-06-30 05:00:00+00:00,3969.42,3973.43,3952.41,3962.88,25187,0,0
2026-06-30 06:00:00+00:00,3962.88,3971.11,3960.15,3969.87,20548,0,0
2026-06-30 07:00:00+00:00,3969.89,3998.0,3968.17,3985.56,18646,0,0
2026-06-30 08:00:00+00:00,3985.58,3990.84,3975.23,3977.97,20176,0,0
2026-06-30 09:00:00+00:00,3977.97,4034.24,3977.91,4029.62,30861,0,0
2026-06-30 10:00:00+00:00,4029.61,4034.76,4023.9,4032.19,22975,0,0
2026-06-30 11:00:00+00:00,4032.21,4037.7,4013.71,4015.54,23678,0,0
2026-06-30 12:00:00+00:00,4015.54,4023.88,4012.48,4023.86,17786,0,0
2026-06-30 13:00:00+00:00,4023.86,4031.37,4021.51,4029.84,15549,0,0
2026-06-30 14:00:00+00:00,4029.84,4037.31,4025.45,4033.94,18699,0,0
2026-06-30 15:00:00+00:00,4033.94,4034.46,4008.69,4010.0,22064,0,0
2026-06-30 16:00:00+00:00,4009.87,4033.31,4009.48,4029.47,31863,0,0
2026-06-30 17:00:00+00:00,4029.47,4063.48,4025.4,4037.42,39137,0,0
2026-06-30 18:00:00+00:00,4037.42,4039.6,4022.24,4029.38,28352,0,0
2026-06-30 19:00:00+00:00,4029.38,4033.95,4025.89,4026.12,19276,0,0
2026-06-30 20:00:00+00:00,4026.09,4032.2,4020.77,4030.82,17744,0,0
2026-06-30 21:00:00+00:00,4030.82,4033.84,4028.26,4028.55,13407,0,0
2026-06-30 22:00:00+00:00,4028.55,4029.51,4014.71,4016.16,16732,0,0
2026-07-01 01:00:00+00:00,3997.53,4017.96,3997.53,4013.14,10002,0,0
2026-07-01 02:00:00+00:00,4013.14,4018.55,4005.38,4005.77,11151,0,0
2026-07-01 03:00:00+00:00,4005.77,4009.86,3993.02,3996.74,17886,0,0
2026-07-01 04:00:00+00:00,3996.76,3999.81,3973.81,3977.79,28322,0,0
2026-07-01 05:00:00+00:00,3977.77,3986.08,3970.22,3979.23,19830,0,0
2026-07-01 06:00:00+00:00,3979.23,3987.08,3976.73,3980.51,14354,0,0
2026-07-01 07:00:00+00:00,3980.49,3982.78,3972.46,3976.66,13001,0,0
2026-07-01 08:00:00+00:00,3976.68,3978.95,3969.8,3974.07,17427,0,0
2026-07-01 09:00:00+00:00,3974.06,3977.56,3963.21,3971.9,19811,0,0
2026-07-01 10:00:00+00:00,3971.9,3978.47,3959.93,3976.13,19514,0,0
2026-07-01 11:00:00+00:00,3976.12,3984.51,3969.51,3974.57,16682,0,0
2026-07-01 12:00:00+00:00,3974.56,3986.01,3972.87,3984.47,14487,0,0
2026-07-01 13:00:00+00:00,3984.47,3998.85,3981.4,3998.41,15190,0,0
2026-07-01 14:00:00+00:00,3998.41,4035.53,3997.96,4030.5,23752,0,0
2026-07-01 15:00:00+00:00,4030.5,4034.03,4019.54,4022.7,27376,0,0
2026-07-01 16:00:00+00:00,4022.69,4108.04,4012.87,4089.4,42465,0,0
2026-07-01 17:00:00+00:00,4089.4,4115.79,4082.88,4093.46,36715,0,0
2026-07-01 18:00:00+00:00,4093.46,4094.59,4076.78,4081.19,30247,0,0
2026-07-01 19:00:00+00:00,4081.16,4088.54,4070.57,4071.11,22051,0,0
2026-07-01 20:00:00+00:00,4071.14,4073.67,4067.29,4068.25,18933,0,0
2026-07-01 21:00:00+00:00,4068.23,4070.77,4057.85,4062.21,17892,0,0
2026-07-01 22:00:00+00:00,4062.2,4068.37,4034.48,4038.77,19710,0,0
2026-07-02 01:00:00+00:00,3998.58,4045.23,3998.58,4045.07,9011,0,0
2026-07-02 02:00:00+00:00,4045.05,4045.08,4033.41,4035.05,9297,0,0
2026-07-02 03:00:00+00:00,4035.05,4052.6,4030.72,4051.94,21006,0,0
2026-07-02 04:00:00+00:00,4051.94,4068.54,4045.25,4050.3,25948,0,0
2026-07-02 05:00:00+00:00,4050.27,4060.95,4041.16,4057.16,20558,0,0
2026-07-02 06:00:00+00:00,4057.16,4074.13,4055.38,4069.99,18427,0,0
2026-07-02 07:00:00+00:00,4069.99,4073.05,4060.68,4060.74,13227,0,0
2026-07-02 08:00:00+00:00,4060.75,4067.72,4053.23,4066.11,21198,0,0
2026-07-02 09:00:00+00:00,4066.11,4079.82,4065.97,4073.24,23225,0,0
2026-07-02 10:00:00+00:00,4073.22,4075.55,4060.64,4064.67,20793,0,0
2026-07-02 11:00:00+00:00,4064.67,4080.08,4061.3,4076.04,21680,0,0
2026-07-02 12:00:00+00:00,4076.04,4076.99,4064.1,4065.33,18498,0,0
2026-07-02 13:00:00+00:00,4065.33,4068.74,4061.5,4066.34,17477,0,0
2026-07-02 14:00:00+00:00,4066.33,4072.29,4057.45,4065.27,20458,0,0
2026-07-02 15:00:00+00:00,4065.27,4140.56,4061.18,4117.6,41691,0,0
2026-07-02 16:00:00+00:00,4117.6,4144.07,4109.35,4137.01,40473,0,0
2026-07-02 17:00:00+00:00,4137.01,4138.32,4114.04,4128.58,35970,0,0
2026-07-02 18:00:00+00:00,4128.58,4131.5,4114.7,4128.48,33264,0,0
2026-07-02 19:00:00+00:00,4128.48,4130.21,4100.24,4118.15,30468,0,0
2026-07-02 20:00:00+00:00,4118.17,4119.84,4105.77,4106.81,25301,0,0
2026-07-02 21:00:00+00:00,4106.81,4127.04,4105.9,4122.65,22121,0,0
2026-07-02 22:00:00+00:00,4122.65,4124.42,4108.22,4121.33,20593,0,0
2026-07-03 01:00:00+00:00,4091.17,4128.08,4091.17,4124.64,5906,0,0
2026-07-03 02:00:00+00:00,4124.64,4133.33,4121.1,4126.06,11706,0,0
2026-07-03 03:00:00+00:00,4126.06,4150.97,4122.66,4147.11,22247,0,0
2026-07-03 04:00:00+00:00,4147.11,4195.42,4146.65,4182.35,27915,0,0
2026-07-03 05:00:00+00:00,4182.35,4186.86,4176.52,4183.49,16864,0,0
2026-07-03 06:00:00+00:00,4183.49,4184.63,4175.26,4176.04,13036,0,0
2026-07-03 07:00:00+00:00,4176.04,4182.81,4173.09,4178.85,9053,0,0
2026-07-03 08:00:00+00:00,4178.87,4181.93,4169.23,4171.21,14575,0,0
2026-07-03 09:00:00+00:00,4171.22,4174.47,4160.48,4173.04,17416,0,0
2026-07-03 10:00:00+00:00,4173.04,4181.73,4169.26,4177.7,15503,0,0
2026-07-03 11:00:00+00:00,4177.7,4186.52,4176.99,4180.95,14542,0,0
2026-07-03 12:00:00+00:00,4181.04,4181.86,4168.61,4172.1,13073,0,0
2026-07-03 13:00:00+00:00,4172.1,4181.18,4170.81,4177.14,10285,0,0
2026-07-03 14:00:00+00:00,4177.14,4186.22,4175.65,4181.05,11259,0,0
2026-07-03 15:00:00+00:00,4181.05,4183.23,4172.31,4176.89,13182,0,0
2026-07-03 16:00:00+00:00,4176.89,4179.32,4163.51,4164.73,18832,0,0
2026-07-03 17:00:00+00:00,4164.73,4171.2,4155.35,4169.85,16195,0,0
2026-07-03 18:00:00+00:00,4169.86,4174.33,4164.51,4164.87,12649,0,0
2026-07-03 19:00:00+00:00,4164.87,4176.34,4162.74,4174.74,9930,0,0
2026-07-03 20:00:00+00:00,4174.74,4174.74,4171.97,4171.97,2,58,0
2026-07-06 01:00:00+00:00,4171.97,4191.54,4167.47,4188.23,14927,0,0
2026-07-06 02:00:00+00:00,4188.23,4201.78,4177.58,4183.1,14502,0,0
2026-07-06 03:00:00+00:00,4183.1,4188.96,4170.37,4179.61,23450,0,0
2026-07-06 04:00:00+00:00,4179.61,4203.03,4172.52,4186.01,26094,0,0
2026-07-06 05:00:00+00:00,4185.99,4187.83,4168.56,4174.17,22159,0,0
2026-07-06 06:00:00+00:00,4174.17,4176.36,4161.03,4165.23,16707,0,0
2026-07-06 07:00:00+00:00,4165.2,4166.61,4157.54,4159.66,12530,0,0
2026-07-06 08:00:00+00:00,4159.67,4160.95,4144.66,4147.96,18242,0,0
2026-07-06 09:00:00+00:00,4147.96,4159.74,4145.73,4150.41,19242,0,0
2026-07-06 10:00:00+00:00,4150.41,4166.32,4147.12,4164.45,16954,0,0
2026-07-06 11:00:00+00:00,4164.45,4166.07,4147.12,4150.48,14692,0,0
2026-07-06 12:00:00+00:00,4150.48,4151.31,4136.38,4143.24,15132,0,0
2026-07-06 13:00:00+00:00,4143.24,4155.81,4142.15,4155.03,15599,0,0
2026-07-06 14:00:00+00:00,4155.03,4159.6,4151.47,4155.28,19866,0,0
2026-07-06 15:00:00+00:00,4155.28,4158.54,4131.44,4139.64,21900,0,0
2026-07-06 16:00:00+00:00,4139.64,4150.51,4136.82,4140.72,33339,0,0
2026-07-06 17:00:00+00:00,4140.72,4147.11,4128.44,4138.22,27802,0,0
2026-07-06 18:00:00+00:00,4138.22,4152.0,4137.55,4148.36,21119,0,0
2026-07-06 19:00:00+00:00,4148.39,4156.26,4140.3,4155.09,17681,0,0
2026-07-06 20:00:00+00:00,4155.09,4161.58,4150.27,4161.16,18612,0,0
2026-07-06 21:00:00+00:00,4161.16,4167.54,4155.39,4163.94,14587,0,0
2026-07-06 22:00:00+00:00,4163.94,4165.46,4158.9,4163.79,14154,0,0
2026-07-07 01:00:00+00:00,4162.13,4168.43,4157.56,4164.22,5805,0,0
2026-07-07 02:00:00+00:00,4164.22,4165.57,4156.87,4157.31,7057,0,0
2026-07-07 03:00:00+00:00,4157.3,4162.72,4145.22,4146.01,17988,0,0
2026-07-07 04:00:00+00:00,4146.02,4147.93,4125.88,4141.79,23147,0,0
2026-07-07 05:00:00+00:00,4141.81,4145.25,4131.23,4136.63,16564,0,0
2026-07-07 06:00:00+00:00,4136.63,4140.24,4124.47,4131.15,14829,0,0
2026-07-07 07:00:00+00:00,4131.15,4141.31,4125.94,4126.7,12395,0,0
2026-07-07 08:00:00+00:00,4126.7,4131.38,4116.64,4123.85,19226,0,0
2026-07-07 09:00:00+00:00,4123.85,4133.03,4121.52,4130.48,17417,0,0
2026-07-07 10:00:00+00:00,4130.48,4133.72,4124.36,4124.74,16359,0,0
2026-07-07 11:00:00+00:00,4124.73,4139.37,4121.91,4125.99,18478,0,0
2026-07-07 12:00:00+00:00,4125.99,4133.81,4119.8,4131.28,16552,0,0
2026-07-07 13:00:00+00:00,4131.28,4138.86,4131.18,4135.71,13877,0,0
2026-07-07 14:00:00+00:00,4135.71,4158.2,4131.89,4156.79,18580,0,0
2026-07-07 15:00:00+00:00,4156.79,4175.14,4154.57,4172.27,24933,0,0
2026-07-07 16:00:00+00:00,4172.27,4180.51,4156.07,4158.45,32009,0,0
2026-07-07 17:00:00+00:00,4158.45,4163.7,4143.6,4154.28,30480,0,0
2026-07-07 18:00:00+00:00,4154.28,4155.63,4135.78,4139.06,24323,0,0
2026-07-07 19:00:00+00:00,4139.06,4147.26,4137.01,4145.11,19210,0,0
2026-07-07 20:00:00+00:00,4145.11,4148.2,4140.62,4144.55,16345,0,0
2026-07-07 21:00:00+00:00,4144.58,4145.27,4125.09,4127.05,18815,0,0
2026-07-07 22:00:00+00:00,4127.05,4127.79,4092.19,4114.25,30657,0,0
2026-07-08 01:00:00+00:00,4094.64,4106.34,4089.29,4098.35,9678,0,0
2026-07-08 02:00:00+00:00,4098.35,4108.07,4095.79,4098.57,14003,0,0
2026-07-08 03:00:00+00:00,4098.57,4126.78,4096.97,4111.58,28133,0,0
2026-07-08 04:00:00+00:00,4111.58,4117.95,4096.46,4111.16,32128,0,0
2026-07-08 05:00:00+00:00,4111.27,4124.88,4106.06,4114.61,23130,0,0
2026-07-08 06:00:00+00:00,4114.61,4131.2,4114.56,4123.45,18669,0,0
2026-07-08 07:00:00+00:00,4123.45,4128.84,4120.59,4125.3,16009,0,0
2026-07-08 08:00:00+00:00,4125.3,4133.98,4121.17,4127.84,22183,0,0
2026-07-08 09:00:00+00:00,4127.84,4133.61,4122.31,4123.59,23517,0,0
2026-07-08 10:00:00+00:00,4123.59,4127.28,4114.81,4121.14,23583,0,0
2026-07-08 11:00:00+00:00,4121.15,4121.33,4051.93,4056.76,44640,8,0
2026-07-08 12:00:00+00:00,4056.76,4060.96,4041.31,4043.32,37933,7,0
2026-07-08 13:00:00+00:00,4043.32,4058.34,4040.39,4052.91,30992,8,0
2026-07-08 14:00:00+00:00,4052.91,4072.39,4041.46,4062.1,33894,8,0
2026-07-08 15:00:00+00:00,4062.11,4086.36,4058.57,4072.11,39311,8,0
2026-07-08 16:00:00+00:00,4072.21,4082.87,4064.94,4070.67,48675,7,0
2026-07-08 17:00:00+00:00,4070.64,4071.25,4033.64,4040.66,50858,8,0
2026-07-08 18:00:00+00:00,4040.61,4043.75,4021.54,4034.24,47731,8,0
2026-07-08 19:00:00+00:00,4034.22,4064.49,4033.13,4063.71,39384,8,0
2026-07-08 20:00:00+00:00,4063.68,4076.4,4059.52,4065.46,34273,9,0
2026-07-08 21:00:00+00:00,4065.46,4091.43,4063.27,4084.32,34126,8,0
2026-07-08 22:00:00+00:00,4084.32,4091.26,4077.99,4079.71,27246,8,0
2026-07-09 01:00:00+00:00,4074.17,4079.8,4069.82,4076.46,8284,8,0
2026-07-09 02:00:00+00:00,4076.46,4077.8,4071.86,4076.17,8383,12,0
2026-07-09 03:00:00+00:00,4076.13,4089.74,4070.11,4073.95,23647,8,0
2026-07-09 04:00:00+00:00,4073.7,4078.74,4062.31,4072.6,30174,8,0
2026-07-09 05:00:00+00:00,4072.8,4082.65,4064.35,4065.02,22693,8,0
2026-07-09 06:00:00+00:00,4065.04,4067.64,4054.08,4064.14,20129,9,0
2026-07-09 07:00:00+00:00,4064.14,4064.53,4056.3,4064.1,13209,8,0
2026-07-09 08:00:00+00:00,4064.1,4084.17,4063.64,4081.93,26277,8,0
2026-07-09 09:00:00+00:00,4081.93,4108.06,4081.21,4107.93,31755,8,0
2026-07-09 10:00:00+00:00,4107.93,4111.14,4101.29,4107.88,22281,8,0
2026-07-09 11:00:00+00:00,4107.88,4117.69,4105.21,4108.24,21725,8,0
2026-07-09 12:00:00+00:00,4108.24,4112.33,4102.98,4106.24,18410,9,0
2026-07-09 13:00:00+00:00,4106.26,4110.11,4093.69,4099.05,17763,7,0
2026-07-09 14:00:00+00:00,4099.06,4110.57,4097.8,4108.6,21495,8,0
2026-07-09 15:00:00+00:00,4108.6,4122.58,4104.97,4107.74,29082,8,0
2026-07-09 16:00:00+00:00,4107.74,4129.47,4106.67,4121.92,38662,7,0
2026-07-09 17:00:00+00:00,4121.9,4135.93,4114.26,4127.7,40938,8,0
2026-07-09 18:00:00+00:00,4127.71,4132.53,4124.74,4126.8,29158,8,0
2026-07-09 19:00:00+00:00,4126.79,4138.1,4125.57,4128.05,23899,8,0
2026-07-09 20:00:00+00:00,4128.03,4138.03,4124.95,4136.05,21746,8,0
2026-07-09 21:00:00+00:00,4135.93,4136.29,4121.46,4124.51,17261,8,0
2026-07-09 22:00:00+00:00,4124.51,4126.96,4118.83,4122.32,17552,8,0
2026-07-10 01:00:00+00:00,4120.93,4127.36,4120.58,4121.63,5245,8,0
2026-07-10 02:00:00+00:00,4121.69,4125.0,4120.91,4123.21,4114,18,0
2026-07-10 03:00:00+00:00,4123.13,4128.19,4114.08,4126.08,14723,7,0
2026-07-10 04:00:00+00:00,4126.1,4130.82,4108.48,4116.78,24054,8,0
2026-07-10 05:00:00+00:00,4116.78,4129.05,4115.89,4127.71,17309,10,0
2026-07-10 06:00:00+00:00,4127.71,4134.76,4119.25,4120.13,11455,9,0
2026-07-10 07:00:00+00:00,4120.13,4121.03,4111.93,4115.08,8767,11,0
2026-07-10 08:00:00+00:00,4115.11,4117.05,4107.96,4116.69,16074,8,0
2026-07-10 09:00:00+00:00,4116.69,4120.06,4110.92,4111.74,16521,7,0
2026-07-10 10:00:00+00:00,4111.51,4115.29,4104.28,4108.8,14938,8,0
2026-07-10 11:00:00+00:00,4108.8,4109.5,4094.7,4097.86,16018,8,0
2026-07-10 12:00:00+00:00,4097.87,4105.4,4094.17,4104.32,12203,8,0
2026-07-10 13:00:00+00:00,4104.32,4112.62,4104.12,4104.54,11558,8,0
2026-07-10 14:00:00+00:00,4104.54,4108.15,4095.96,4102.27,13949,7,0
2026-07-10 15:00:00+00:00,4102.29,4117.18,4097.39,4100.66,22535,7,0
2026-07-10 16:00:00+00:00,4100.66,4106.66,4085.4,4099.85,31078,7,0
2026-07-10 17:00:00+00:00,4099.85,4108.95,4072.72,4092.75,39824,7,0
2026-07-10 18:00:00+00:00,4092.75,4113.39,4091.28,4112.83,32748,7,0
2026-07-10 19:00:00+00:00,4112.83,4115.37,4104.24,4104.24,23278,8,0
2026-07-10 20:00:00+00:00,4104.24,4106.85,4100.41,4100.65,18055,8,0
2026-07-10 21:00:00+00:00,4100.62,4105.45,4097.95,4101.22,14588,7,0
2026-07-10 22:00:00+00:00,4101.22,4109.04,4097.74,4108.45,13210,7,0
2026-07-13 01:00:00+00:00,4095.58,4103.13,4062.86,4076.5,16379,8,0
2026-07-13 02:00:00+00:00,4076.5,4084.74,4068.19,4084.29,14810,8,0
2026-07-13 03:00:00+00:00,4084.26,4091.08,4060.96,4073.97,26823,8,0
2026-07-13 04:00:00+00:00,4073.94,4089.63,4065.33,4072.16,34791,7,0
2026-07-13 05:00:00+00:00,4072.27,4077.38,4064.39,4068.49,26492,7,0
2026-07-13 06:00:00+00:00,4068.47,4069.38,4052.63,4060.45,19667,7,0
2026-07-13 07:00:00+00:00,4060.45,4060.45,4050.03,4058.87,13536,8,0
2026-07-13 08:00:00+00:00,4058.85,4072.93,4052.17,4053.55,25020,8,0
2026-07-13 09:00:00+00:00,4053.55,4063.5,4043.64,4055.6,26353,7,0
2026-07-13 10:00:00+00:00,4055.61,4065.07,4048.86,4064.69,21350,8,0
2026-07-13 11:00:00+00:00,4064.75,4080.7,4062.84,4074.52,21276,7,0
2026-07-13 12:00:00+00:00,4074.54,4076.59,4068.1,4068.12,14980,8,0
2026-07-13 13:00:00+00:00,4068.13,4070.49,4046.4,4060.53,15078,7,0
2026-07-13 14:00:00+00:00,4060.51,4068.31,4054.93,4056.38,20252,8,0
2026-07-13 15:00:00+00:00,4056.38,4067.45,4053.51,4067.29,24222,8,0
2026-07-13 16:00:00+00:00,4067.36,4067.58,4041.93,4043.18,36407,7,0
2026-07-13 17:00:00+00:00,4043.23,4046.91,4000.27,4015.17,42858,7,0
2026-07-13 18:00:00+00:00,4015.19,4020.19,4010.11,4015.84,32723,7,0
2026-07-13 19:00:00+00:00,4015.8,4017.82,3986.37,3993.18,33365,6,0
2026-07-13 20:00:00+00:00,3993.23,4001.91,3992.0,3993.05,28132,7,0
2026-07-13 21:00:00+00:00,3993.05,4005.07,3986.55,4001.38,25579,8,0
2026-07-13 22:00:00+00:00,4001.39,4004.45,3993.43,4001.97,25375,8,0
2026-07-14 01:00:00+00:00,3977.51,4005.94,3971.22,4000.88,6344,9,0
2026-07-14 02:00:00+00:00,4000.9,4003.05,3992.57,4001.04,11309,7,0
2026-07-14 03:00:00+00:00,4001.13,4007.18,3983.12,4004.16,35400,7,0
2026-07-14 04:00:00+00:00,4004.16,4012.12,3992.08,4010.61,32440,6,0
2026-07-14 05:00:00+00:00,4010.49,4019.07,4005.93,4012.13,21864,7,0
2026-07-14 06:00:00+00:00,4012.13,4019.02,4011.04,4016.87,17513,7,0
2026-07-14 07:00:00+00:00,4016.91,4023.41,4013.44,4020.23,12984,7,0
2026-07-14 08:00:00+00:00,4020.33,4034.05,4019.62,4031.24,18292,7,0
2026-07-14 09:00:00+00:00,4031.28,4033.14,4021.67,4023.93,19608,8,0
2026-07-14 10:00:00+00:00,4023.89,4029.84,4020.14,4020.69,21859,8,0
2026-07-14 11:00:00+00:00,4020.69,4023.83,4014.4,4015.97,21358,7,0
2026-07-14 12:00:00+00:00,4015.96,4024.34,4013.69,4021.71,20200,7,0
2026-07-14 13:00:00+00:00,4021.62,4022.84,4015.13,4021.59,17207,8,0
2026-07-14 14:00:00+00:00,4021.6,4031.88,4015.36,4031.2,20704,7,0
2026-07-14 15:00:00+00:00,4031.14,4102.56,4023.18,4076.12,34947,7,0
2026-07-14 16:00:00+00:00,4076.09,4088.57,4070.79,4076.39,42190,7,0
2026-07-14 17:00:00+00:00,4076.39,4090.03,4070.56,4085.05,43969,7,0
2026-07-14 18:00:00+00:00,4085.06,4100.67,4064.42,4066.11,36568,7,0
2026-07-14 19:00:00+00:00,4066.1,4067.02,4057.68,4061.52,27896,8,0
2026-07-14 20:00:00+00:00,4061.52,4065.04,4054.3,4062.77,23909,8,0
2026-07-14 21:00:00+00:00,4062.71,4063.1,4042.8,4054.11,22094,7,0
2026-07-14 22:00:00+00:00,4054.17,4057.3,4047.54,4055.57,19971,8,0
2026-07-15 01:00:00+00:00,4019.79,4052.87,4019.79,4048.93,7291,8,0
2026-07-15 02:00:00+00:00,4048.93,4056.03,4046.67,4053.01,9489,8,0
2026-07-15 03:00:00+00:00,4053.0,4060.66,4050.94,4058.99,19680,9,0
2026-07-15 04:00:00+00:00,4058.99,4062.14,4035.43,4037.33,28319,8,0
2026-07-15 05:00:00+00:00,4037.16,4042.2,4029.03,4035.06,21748,8,0
2026-07-15 06:00:00+00:00,4034.97,4040.32,4027.94,4031.2,16478,7,0
2026-07-15 07:00:00+00:00,4031.18,4035.13,4027.96,4033.15,9972,7,0
2026-07-15 08:00:00+00:00,4033.15,4036.58,4022.08,4034.6,18868,7,0
2026-07-15 09:00:00+00:00,4034.6,4035.49,4021.16,4032.08,22811,8,0
2026-07-15 10:00:00+00:00,4032.15,4034.29,4019.65,4024.31,20910,8,0
2026-07-15 11:00:00+00:00,4024.6,4033.15,4017.25,4031.15,20697,7,0
2026-07-15 12:00:00+00:00,4031.14,4034.21,4025.43,4030.23,16937,7,0
2026-07-15 13:00:00+00:00,4030.23,4035.94,4026.5,4027.99,19916,7,0
2026-07-15 14:00:00+00:00,4027.86,4040.17,4027.59,4038.29,21113,7,0
2026-07-15 15:00:00+00:00,4038.29,4071.41,4035.87,4067.79,32038,7,0
2026-07-15 16:00:00+00:00,4067.79,4074.02,4054.11,4061.63,35517,7,0
2026-07-15 17:00:00+00:00,4061.63,4065.95,4053.19,4060.4,41280,8,0
2026-07-15 18:00:00+00:00,4060.56,4062.93,4039.49,4046.83,37836,7,0
2026-07-15 19:00:00+00:00,4046.89,4047.84,4026.71,4033.75,35434,7,0
2026-07-15 20:00:00+00:00,4033.73,4066.03,4032.74,4062.17,28371,7,0
2026-07-15 21:00:00+00:00,4062.2,4081.45,4057.76,4059.03,27083,7,0
2026-07-15 22:00:00+00:00,4059.06,4062.9,4047.87,4056.88,23910,7,0
2026-07-16 01:00:00+00:00,4050.87,4065.25,4050.87,4059.33,5333,8,0
2026-07-16 02:00:00+00:00,4059.32,4061.99,4055.5,4057.8,7152,8,0
2026-07-16 03:00:00+00:00,4057.79,4061.09,4043.7,4044.49,17691,8,0
2026-07-16 04:00:00+00:00,4044.49,4050.45,4033.82,4038.99,24947,7,0
2026-07-16 05:00:00+00:00,4038.99,4040.04,4024.15,4031.42,19056,7,0
2026-07-16 06:00:00+00:00,4031.42,4036.84,4027.63,4036.22,14730,9,0
2026-07-16 07:00:00+00:00,4036.21,4037.86,4031.86,4033.16,8441,9,0
2026-07-16 08:00:00+00:00,4033.09,4033.92,4025.01,4027.27,18888,9,0
2026-07-16 09:00:00+00:00,4027.08,4036.46,4022.85,4030.56,21908,8,0
2026-07-16 10:00:00+00:00,4030.6,4031.79,4022.93,4030.63,17234,8,0
2026-07-16 11:00:00+00:00,4030.52,4036.49,4025.21,4035.23,16430,8,0
2026-07-16 12:00:00+00:00,4035.28,4037.76,4030.29,4031.56,11097,9,0
2026-07-16 13:00:00+00:00,4031.51,4034.72,4028.51,4029.45,11999,8,0
2026-07-16 14:00:00+00:00,4029.45,4042.29,4021.14,4038.36,18960,7,0
2026-07-16 15:00:00+00:00,4038.36,4043.27,3990.34,3992.24,32239,6,0
2026-07-16 16:00:00+00:00,3992.25,4008.3,3973.57,3990.03,41864,6,0
2026-07-16 17:00:00+00:00,3989.98,4005.5,3986.98,3997.74,38836,6,0
2026-07-16 18:00:00+00:00,3997.74,4016.84,3989.32,4006.95,30586,6,0
2026-07-16 19:00:00+00:00,4006.95,4007.63,3982.33,3992.03,26610,6,0
2026-07-16 20:00:00+00:00,3992.03,3992.97,3979.95,3984.53,25638,6,0
2026-07-16 21:00:00+00:00,3984.62,3990.34,3976.52,3980.27,24615,6,0
2026-07-16 22:00:00+00:00,3980.3,3986.06,3969.1,3979.87,23415,6,0
2026-07-17 01:00:00+00:00,3973.91,3980.2,3971.79,3978.28,5844,7,0
2026-07-17 02:00:00+00:00,3978.27,3986.41,3975.07,3985.9,10970,9,0
2026-07-17 03:00:00+00:00,3985.9,3991.95,3980.48,3991.91,22909,6,0
2026-07-17 04:00:00+00:00,3991.91,3996.11,3978.99,3983.14,31295,6,0
2026-07-17 05:00:00+00:00,3983.16,3987.25,3970.55,3979.11,25101,6,0
2026-07-17 06:00:00+00:00,3979.11,4008.57,3978.66,3991.34,22180,6,0
2026-07-17 07:00:00+00:00,3991.34,3991.67,3980.11,3981.74,15849,6,0
2026-07-17 08:00:00+00:00,3981.74,3991.42,3975.2,3985.11,25255,6,0
2026-07-17 09:00:00+00:00,3985.04,4007.12,3985.02,3999.23,27262,6,0
2026-07-17 10:00:00+00:00,3999.23,4002.49,3992.53,3992.72,24196,6,0
2026-07-17 11:00:00+00:00,3992.62,3999.85,3987.8,3994.14,25391,6,0
2026-07-17 12:00:00+00:00,3994.14,4002.45,3992.65,3998.01,21747,7,0
2026-07-17 13:00:00+00:00,3997.98,3999.07,3990.34,3990.74,18337,6,0
2026-07-17 14:00:00+00:00,3990.74,3998.83,3989.85,3994.03,20975,6,0
2026-07-17 15:00:00+00:00,3993.88,3995.46,3964.05,3966.09,23979,6,0
2026-07-17 16:00:00+00:00,3966.02,4003.4,3959.56,3996.91,40069,6,0
2026-07-17 17:00:00+00:00,3996.91,4004.22,3990.0,4001.1,45373,6,0
2026-07-17 18:00:00+00:00,4001.05,4021.17,3997.61,4019.11,36337,7,0
2026-07-17 19:00:00+00:00,4019.11,4023.72,4010.7,4014.93,29251,7,0
2026-07-17 20:00:00+00:00,4014.98,4019.22,4008.3,4010.0,23901,8,0
2026-07-17 21:00:00+00:00,4010.08,4016.14,4006.52,4011.23,22411,7,0
2026-07-17 22:00:00+00:00,4011.22,4016.53,4002.31,4015.15,18145,7,0
2026-07-20 01:00:00+00:00,4000.49,4006.17,3964.89,3994.7,11296,15,0
2026-07-20 02:00:00+00:00,3994.92,3996.12,3989.2,3995.46,12761,8,0
2026-07-20 03:00:00+00:00,3995.42,4010.13,3982.51,4008.63,28333,6,0
2026-07-20 04:00:00+00:00,4008.6,4020.9,3995.42,4002.09,36153,6,0
2026-07-20 05:00:00+00:00,4002.05,4028.74,4001.28,4021.81,30019,7,0
2026-07-20 06:00:00+00:00,4021.62,4027.93,4018.47,4024.06,23474,8,0
2026-07-20 07:00:00+00:00,4024.03,4026.72,4018.4,4018.89,13402,7,0
2026-07-20 08:00:00+00:00,4018.97,4021.13,4005.31,4008.61,22094,7,0
2026-07-20 09:00:00+00:00,4008.58,4011.76,4002.77,4003.84,24099,7,0
2026-07-20 10:00:00+00:00,4003.84,4021.78,4002.02,4017.14,24477,7,0
2026-07-20 11:00:00+00:00,4017.28,4030.62,4017.07,4019.0,23193,7,0
2026-07-20 12:00:00+00:00,4018.97,4023.28,4014.72,4021.22,17765,8,0
2026-07-20 13:00:00+00:00,4021.22,4025.65,4018.19,4024.16,15111,8,0
2026-07-20 14:00:00+00:00,4024.16,4040.66,4019.71,4025.23,27129,7,0
2026-07-20 15:00:00+00:00,4025.23,4025.23,4006.45,4007.97,28080,7,0
2026-07-20 16:00:00+00:00,4007.96,4017.32,4005.6,4005.67,35658,7,0
2026-07-20 17:00:00+00:00,4005.71,4013.63,3998.21,4006.15,37051,7,0
2026-07-20 18:00:00+00:00,4006.29,4019.34,4004.39,4011.83,32018,7,0
2026-07-20 19:00:00+00:00,4011.83,4018.37,4001.38,4009.79,24030,7,0
2026-07-20 20:00:00+00:00,4009.79,4013.03,4003.75,4005.19,20157,7,0
2026-07-20 21:00:00+00:00,4005.23,4011.82,4003.2,4007.29,20317,8,0
2026-07-20 22:00:00+00:00,4007.31,4017.96,4004.32,4006.79,19856,7,0
2026-07-21 01:00:00+00:00,4004.66,4010.69,3999.7,4000.4,7451,8,0
2026-07-21 02:00:00+00:00,4000.61,4010.37,4000.13,4009.87,10191,8,0
2026-07-21 03:00:00+00:00,4009.87,4027.04,4003.48,4024.76,20562,7,0
2026-07-21 04:00:00+00:00,4024.78,4035.64,4018.4,4023.13,23799,7,0
2026-07-21 05:00:00+00:00,4023.11,4045.18,4021.84,4037.98,18869,7,0
2026-07-21 06:00:00+00:00,4037.99,4051.25,4036.7,4046.88,15525,7,0
2026-07-21 07:00:00+00:00,4046.87,4051.86,4043.64,4049.55,9035,7,0
2026-07-21 08:00:00+00:00,4049.53,4067.91,4046.22,4061.38,16092,8,0
2026-07-21 09:00:00+00:00,4061.33,4084.13,4061.31,4078.39,18373,7,0
2026-07-21 10:00:00+00:00,4078.44,4080.14,4067.59,4071.28,13414,7,0
2026-07-21 11:00:00+00:00,4071.26,4072.48,4059.15,4062.78,13771,7,0
2026-07-21 12:00:00+00:00,4062.82,4069.66,4060.95,4065.91,12441,8,0
2026-07-21 13:00:00+00:00,4065.79,4070.09,4060.84,4062.9,13977,8,0
2026-07-21 14:00:00+00:00,4062.87,4063.69,4054.33,4055.96,12399,8,0
2026-07-21 15:00:00+00:00,4056.06,4065.72,4050.98,4053.81,19609,8,0
2026-07-21 16:00:00+00:00,4053.79,4061.62,4044.44,4053.12,30376,7,0
2026-07-21 17:00:00+00:00,4053.13,4073.68,4051.61,4068.32,32505,7,0
2026-07-21 18:00:00+00:00,4068.32,4083.41,4065.52,4074.14,25074,7,0
2026-07-21 19:00:00+00:00,4074.01,4079.17,4069.81,4071.41,14717,7,0
2026-07-21 20:00:00+00:00,4071.41,4072.75,4066.7,4068.65,11167,8,0
2026-07-21 21:00:00+00:00,4068.67,4087.14,4067.63,4082.15,13977,8,0
2026-07-21 22:00:00+00:00,4082.17,4085.68,4080.0,4084.4,14125,7,0
2026-07-22 01:00:00+00:00,4076.59,4085.04,4076.55,4080.4,6305,8,0
2026-07-22 02:00:00+00:00,4080.4,4083.03,4079.16,4080.56,5124,7,0
2026-07-22 03:00:00+00:00,4080.55,4102.36,4076.62,4097.42,22459,7,0
2026-07-22 04:00:00+00:00,4097.44,4123.7,4096.72,4122.1,32058,7,0
2026-07-22 05:00:00+00:00,4122.1,4130.87,4118.74,4130.36,23487,7,0
2026-07-22 06:00:00+00:00,4130.49,4141.62,4129.11,4130.84,18734,7,0
2026-07-22 07:00:00+00:00,4130.84,4131.19,4124.6,4126.98,13053,8,0
2026-07-22 08:00:00+00:00,4127.0,4133.95,4122.95,4130.98,19930,8,0
2026-07-22 09:00:00+00:00,4130.98,4135.26,4113.25,4116.32,22591,7,0
2026-07-22 10:00:00+00:00,4116.31,4123.08,4109.2,4110.56,22336,7,0
2026-07-22 11:00:00+00:00,4110.58,4120.16,4110.5,4118.31,23326,8,0
2026-07-22 12:00:00+00:00,4118.29,4122.32,4113.16,4115.0,19504,7,0
2026-07-22 13:00:00+00:00,4114.99,4121.74,4114.75,4117.46,17759,7,0
2026-07-22 14:00:00+00:00,4117.46,4123.0,4112.49,4122.58,18479,7,0
2026-07-22 15:00:00+00:00,4122.57,4134.34,4106.52,4112.81,26118,7,0
2026-07-22 16:00:00+00:00,4112.95,4155.81,4112.64,4154.43,34441,7,0
2026-07-22 17:00:00+00:00,4154.61,4163.42,4144.07,4148.45,40604,7,0
2026-07-22 18:00:00+00:00,4148.43,4166.0,4148.43,4159.37,29736,7,0
2026-07-22 19:00:00+00:00,4159.39,4159.48,4144.32,4146.79,21643,7,0
2026-07-22 20:00:00+00:00,4146.79,4147.8,4138.35,4142.37,21023,7,0
2026-07-22 21:00:00+00:00,4142.35,4142.73,4131.86,4136.02,21425,7,0
2026-07-22 22:00:00+00:00,4135.9,4137.17,4128.89,4131.84,17814,8,0
2026-07-23 01:00:00+00:00,4123.93,4129.82,4087.25,4121.65,13993,7,0
2026-07-23 02:00:00+00:00,4121.65,4134.32,4116.45,4133.35,14477,7,0
2026-07-23 03:00:00+00:00,4133.42,4134.68,4125.0,4132.14,20686,8,0
2026-07-23 04:00:00+00:00,4132.11,4141.03,4114.21,4117.85,34301,7,0
2026-07-23 05:00:00+00:00,4117.84,4128.62,4112.11,4128.05,26524,7,0
2026-07-23 06:00:00+00:00,4128.1,4133.03,4123.97,4124.74,19360,7,0
2026-07-23 07:00:00+00:00,4124.6,4130.49,4119.94,4121.21,16805,8,0
2026-07-23 08:00:00+00:00,4121.2,4130.51,4119.43,4124.05,22273,7,0
2026-07-23 09:00:00+00:00,4124.01,4128.17,4116.91,4118.51,25525,7,0
2026-07-23 10:00:00+00:00,4118.52,4119.4,4089.98,4095.38,30056,7,0
2026-07-23 11:00:00+00:00,4095.37,4097.73,4087.02,4093.41,23868,7,0
2026-07-23 12:00:00+00:00,4093.38,4099.37,4088.34,4089.86,22263,7,0
2026-07-23 13:00:00+00:00,4089.82,4095.28,4085.88,4093.13,21200,7,0
2026-07-23 14:00:00+00:00,4093.13,4093.81,4073.03,4085.64,28277,7,0
2026-07-23 15:00:00+00:00,4085.65,4085.94,4060.97,4061.73,32869,7,0
2026-07-23 16:00:00+00:00,4061.73,4067.29,4040.35,4043.28,47427,7,0
2026-07-23 17:00:00+00:00,4043.24,4061.66,4040.11,4057.83,44116,7,0
2026-07-23 18:00:00+00:00,4057.86,4059.46,4042.26,4048.66,39561,7,0
2026-07-23 19:00:00+00:00,4048.66,4051.78,4045.76,4051.46,25171,7,0
2026-07-23 20:00:00+00:00,4051.52,4054.6,4041.63,4041.83,28972,7,0
2026-07-23 21:00:00+00:00,4041.83,4048.4,4040.67,4046.06,26404,7,0
2026-07-23 22:00:00+00:00,4046.12,4051.19,4042.84,4049.66,18816,7,0
2026-07-24 01:00:00+00:00,4032.03,4050.47,4032.03,4049.55,3118,8,0
2026-07-24 02:00:00+00:00,4049.55,4050.73,4046.56,4047.02,6205,8,0
2026-07-24 03:00:00+00:00,4047.01,4050.82,4041.16,4049.7,15012,7,0
2026-07-24 04:00:00+00:00,4049.65,4050.36,4040.04,4043.58,21659,7,0
2026-07-24 05:00:00+00:00,4043.58,4048.32,4022.93,4024.35,16649,7,0
2026-07-24 06:00:00+00:00,4024.35,4033.66,4022.98,4029.29,13390,8,0
2026-07-24 07:00:00+00:00,4029.18,4030.34,4025.49,4027.0,7572,8,0
2026-07-24 08:00:00+00:00,4027.0,4032.18,4021.82,4023.04,14989,7,0
2026-07-24 09:00:00+00:00,4023.03,4038.94,4022.89,4035.59,17431,7,0
2026-07-24 10:00:00+00:00,4035.6,4053.61,4034.9,4048.4,17867,7,0
2026-07-24 11:00:00+00:00,4048.36,4058.65,4045.02,4057.43,15621,8,0
2026-07-24 12:00:00+00:00,4057.5,4060.76,4051.57,4059.74,11889,8,0
2026-07-24 13:00:00+00:00,4059.79,4063.82,4057.05,4060.04,9990,8,0
2026-07-24 14:00:00+00:00,4060.03,4063.38,4051.35,4057.75,11506,7,0
2026-07-24 15:00:00+00:00,4057.73,4060.06,4051.64,4054.56,18288,7,0
2026-07-24 16:00:00+00:00,4054.15,4068.59,4044.61,4067.24,27679,7,0
2026-07-24 17:00:00+00:00,4067.24,4070.01,4055.9,4063.33,35056,7,0
2026-07-24 18:00:00+00:00,4063.34,4082.04,4061.8,4077.38,30678,7,0
2026-07-24 19:00:00+00:00,4077.43,4078.16,4064.11,4066.98,17823,7,0
2026-07-24 20:00:00+00:00,4067.0,4069.84,4062.85,4063.34,15544,8,0
2026-07-24 21:00:00+00:00,4063.38,4064.51,4051.1,4054.37,14150,8,0
2026-07-24 22:00:00+00:00,4054.38,4057.92,4049.16,4053.67,16799,7,0
2026-07-27 01:00:00+00:00,4088.39,4096.67,4009.11,4089.4,9686,8,0
2026-07-27 02:00:00+00:00,4089.44,4096.25,4083.62,4093.99,12792,8,0
2026-07-27 03:00:00+00:00,4093.9,4116.23,4090.64,4100.77,29203,7,0
2026-07-27 04:00:00+00:00,4100.76,4112.5,4096.87,4110.08,33963,7,0
2026-07-27 05:00:00+00:00,4110.07,4110.94,4093.49,4093.49,23146,8,0
2026-07-27 06:00:00+00:00,4093.49,4095.85,4085.06,4090.96,18472,8,0
2026-07-27 07:00:00+00:00,4090.96,4092.81,4087.01,4090.27,12735,7,0
2026-07-27 08:00:00+00:00,4090.27,4094.78,4084.36,4093.11,20454,7,0
2026-07-27 09:00:00+00:00,4093.14,4099.32,4091.21,4096.07,20944,7,0
2026-07-27 10:00:00+00:00,4095.88,4106.01,4088.42,4088.59,22906,7,0
2026-07-27 11:00:00+00:00,4088.59,4096.86,4087.02,4095.18,23435,7,0
2026-07-27 12:00:00+00:00,4095.18,4100.39,4090.43,4096.08,17046,8,0
2026-07-27 13:00:00+00:00,4095.91,4102.34,4086.43,4099.37,18087,7,0
2026-07-27 14:00:00+00:00,4099.47,4104.12,4093.57,4093.87,20246,7,0
2026-07-27 15:00:00+00:00,4093.82,4097.66,4081.43,4083.71,25485,7,0
2026-07-27 16:00:00+00:00,4083.69,4089.49,4070.36,4074.11,39935,7,0
2026-07-27 17:00:00+00:00,4074.16,4079.03,4065.3,4076.23,42340,7,0
2026-07-27 18:00:00+00:00,4076.21,4079.81,4071.81,4078.37,34570,7,0
2026-07-27 19:00:00+00:00,4078.38,4093.92,4077.66,4082.28,29973,7,0
2026-07-27 20:00:00+00:00,4082.3,4082.3,4070.59,4076.39,24674,8,0
2026-07-27 21:00:00+00:00,4076.4,4079.48,4072.85,4077.93,24271,7,0
2026-07-27 22:00:00+00:00,4077.93,4089.27,4076.05,4083.37,21986,7,0
2026-07-28 01:00:00+00:00,4063.21,4081.42,4063.21,4074.11,6005,8,0
2026-07-28 02:00:00+00:00,4074.09,4074.91,4069.85,4073.24,8266,8,0
2026-07-28 03:00:00+00:00,4073.25,4074.13,4057.39,4057.8,22627,8,0
2026-07-28 04:00:00+00:00,4057.68,4060.18,4042.46,4045.13,30630,7,0
2026-07-28 05:00:00+00:00,4045.14,4049.01,4040.63,4042.0,22432,7,0
2026-07-28 06:00:00+00:00,4041.93,4051.12,4040.28,4049.38,17054,7,0
2026-07-28 07:00:00+00:00,4049.38,4049.57,4041.46,4042.1,14216,8,0
2026-07-28 08:00:00+00:00,4041.99,4046.46,4034.61,4045.18,19261,8,0
2026-07-28 09:00:00+00:00,4045.07,4052.29,4042.75,4048.4,20460,7,0
2026-07-28 10:00:00+00:00,4048.4,4052.38,4046.11,4047.24,18935,8,0
2026-07-28 11:00:00+00:00,4047.24,4055.09,4041.6,4045.42,24354,7,0
2026-07-28 12:00:00+00:00,4045.31,4045.91,4019.32,4023.38,17440,8,0
2026-07-28 13:00:00+00:00,4023.15,4028.51,4016.89,4026.51,19282,7,0
2026-07-28 14:00:00+00:00,4026.34,4032.33,4023.16,4028.07,23866,8,0
2026-07-28 15:00:00+00:00,4028.07,4038.07,4022.92,4029.35,24871,7,0
2026-07-28 16:00:00+00:00,4029.37,4036.03,4020.26,4021.98,35709,7,0
2026-07-28 17:00:00+00:00,4021.96,4033.37,4011.51,4024.41,35831,7,0
2026-07-28 18:00:00+00:00,4024.42,4047.04,4022.15,4045.99,34549,7,0
2026-07-28 19:00:00+00:00,4045.99,4046.5,4036.54,4037.49,21762,7,0
2026-07-28 20:00:00+00:00,4037.67,4041.5,4025.78,4027.84,22095,7,0
2026-07-28 21:00:00+00:00,4027.86,4030.4,4021.66,4022.94,21173,7,0
2026-07-28 22:00:00+00:00,4022.92,4028.0,4021.9,4026.38,15798,7,0
2026-07-29 01:00:00+00:00,4022.84,4028.28,4013.71,4018.2,7333,8,0
2026-07-29 02:00:00+00:00,4018.2,4026.21,4014.96,4024.84,16107,8,0
2026-07-29 03:00:00+00:00,4024.86,4029.87,4017.34,4021.83,22573,7,0
2026-07-29 04:00:00+00:00,4021.83,4030.53,4010.12,4025.82,26035,8,0
2026-07-29 05:00:00+00:00,4025.81,4037.85,4022.94,4029.55,21906,8,0
2026-07-29 06:00:00+00:00,4029.34,4032.74,4023.12,4023.57,17501,7,0
2026-07-29 07:00:00+00:00,4023.56,4027.6,4020.56,4027.2,20246,7,0
2026-07-29 08:00:00+00:00,4027.2,4039.97,4026.6,4032.97,22066,7,0
2026-07-29 09:00:00+00:00,4032.92,4044.69,4032.83,4041.1,17369,7,0
2026-07-29 10:00:00+00:00,4041.09,4047.66,4040.97,4043.72,12734,8,0
2026-07-29 11:00:00+00:00,4043.72,4044.4,4035.6,4037.52,13754,7,0
2026-07-29 12:00:00+00:00,4037.5,4038.28,4031.17,4032.63,13213,8,0
2026-07-29 13:00:00+00:00,4032.58,4034.32,4025.94,4027.38,11525,8,0
2026-07-29 14:00:00+00:00,4027.38,4036.05,4024.92,4032.71,11917,7,0
2026-07-29 15:00:00+00:00,4032.73,4033.35,4009.16,4022.59,24272,7,0
2026-07-29 16:00:00+00:00,4022.59,4026.34,4002.44,4007.24,35038,7,0
2026-07-29 17:00:00+00:00,4007.27,4010.12,3995.92,4004.74,39036,6,0
2026-07-29 18:00:00+00:00,4004.74,4013.77,4003.13,4009.77,31128,7,0
2026-07-29 19:00:00+00:00,4009.95,4032.68,4007.6,4027.24,24451,7,0
2026-07-29 20:00:00+00:00,4027.26,4050.48,4027.13,4043.82,34272,7,0
2026-07-29 21:00:00+00:00,4043.82,4109.62,4041.55,4106.58,43749,7,0
2026-07-29 22:00:00+00:00,4106.71,4116.2,4044.2,4044.59,46366,7,0
2026-07-30 01:00:00+00:00,4027.47,4090.57,4016.39,4088.45,8731,7,0
2026-07-30 02:00:00+00:00,4088.54,4100.37,4084.41,4084.65,21088,8,0
2026-07-30 03:00:00+00:00,4084.69,4086.6,4064.81,4072.18,36128,7,0
2026-07-30 04:00:00+00:00,4072.18,4092.82,4070.15,4084.59,34107,7,0
2026-07-30 05:00:00+00:00,4084.63,4090.31,4063.21,4063.7,28835,7,0
2026-07-30 06:00:00+00:00,4063.54,4070.06,4050.74,4058.8,27214,7,0
2026-07-30 07:00:00+00:00,4058.81,4060.16,4044.2,4045.92,20406,7,0
2026-07-30 08:00:00+00:00,4045.91,4051.24,4028.33,4033.67,30699,7,0
2026-07-30 09:00:00+00:00,4033.67,4040.45,4029.27,4036.71,30214,7,0
2026-07-30 10:00:00+00:00,4036.44,4051.19,4035.31,4038.87,29328,7,0
2026-07-30 11:00:00+00:00,4038.8,4072.73,4036.59,4061.4,30507,7,0
2026-07-30 12:00:00+00:00,4061.42,4073.05,4060.33,4063.34,29121,7,0
2026-07-30 13:00:00+00:00,4063.32,4083.09,4062.96,4078.08,29144,7,0
2026-07-30 14:00:00+00:00,4078.06,4082.85,4075.63,4077.74,23214,7,0
2026-07-30 15:00:00+00:00,4077.72,4086.5,4067.15,4068.88,34880,7,0
2026-07-30 16:00:00+00:00,4068.88,4112.68,4065.01,4112.21,45211,7,0
2026-07-30 17:00:00+00:00,4112.2,4120.29,4087.01,4099.99,45228,7,0
2026-07-30 18:00:00+00:00,4100.04,4110.01,4083.07,4108.13,40940,7,0
2026-07-30 19:00:00+00:00,4108.09,4119.24,4106.59,4110.75,28373,7,0
2026-07-30 20:00:00+00:00,4110.78,4111.27,4098.53,4102.66,30153,7,0
2026-07-30 21:00:00+00:00,4102.69,4107.8,4098.81,4099.79,22994,7,0
2026-07-30 22:00:00+00:00,4099.77,4115.41,4098.8,4111.96,24431,7,0
2026-07-31 01:00:00+00:00,4078.18,4111.19,4069.83,4109.13,6191,8,0
2026-07-31 02:00:00+00:00,4109.13,4111.67,4102.16,4105.85,9231,8,0
2026-07-31 03:00:00+00:00,4105.58,4107.05,4090.41,4094.66,17773,8,0
2026-07-31 04:00:00+00:00,4094.62,4101.39,4081.87,4084.25,23206,8,0
2026-07-31 05:00:00+00:00,4084.31,4090.39,4074.15,4076.05,16018,7,0
2026-07-31 06:00:00+00:00,4076.03,4079.45,4071.97,4074.98,12700,8,0
2026-07-31 07:00:00+00:00,4074.98,4081.4,4073.29,4079.91,8257,8,0
2026-07-31 08:00:00+00:00,4079.91,4083.21,4073.28,4074.26,11173,8,0
2026-07-31 09:00:00+00:00,4074.26,4087.42,4072.75,4077.56,16381,7,0
2026-07-31 10:00:00+00:00,4077.56,4079.13,4067.45,4067.5,15426,7,0
2026-07-31 11:00:00+00:00,4067.46,4067.65,4054.06,4060.92,15328,7,0
2026-07-31 12:00:00+00:00,4060.7,4063.94,4050.17,4055.0,16678,7,0
2026-07-31 13:00:00+00:00,4055.0,4058.25,4051.94,4054.39,12112,7,0
2026-07-31 14:00:00+00:00,4054.25,4060.96,4050.62,4053.59,15487,7,0
2026-07-31 15:00:00+00:00,4053.71,4059.26,4040.41,4040.64,17498,7,0
2026-07-31 16:00:00+00:00,4040.61,4046.81,4021.92,4025.27,32292,7,0
2026-07-31 17:00:00+00:00,4025.27,4050.21,4020.94,4049.13,34920,7,0
2026-07-31 18:00:00+00:00,4049.13,4052.62,4036.55,4045.44,30239,7,0
2026-07-31 19:00:00+00:00,4045.42,4049.86,4041.15,4043.24,18810,7,0
2026-07-31 20:00:00+00:00,4043.23,4054.73,4041.38,4053.46,24451,7,0
2026-07-31 21:00:00+00:00,4053.46,4055.06,4047.16,4050.73,16358,7,0
2026-07-31 22:00:00+00:00,4050.74,4055.54,4046.84,4050.77,14038,7,0
